1;"Боровичи кирпич рядовой полнотелый с фаской  М200";250/120/65;400;"Боровичский КСМ";3,6;200;Красный;30
2;"Сокол Кирпич рядовой строительный полнотелый М 150";250/120/65;350;Сокол;3;150;Красный;25
3;"Рябово кирпич рядовой одинарный  полнотелый М-250";250/120/65;300;ЛСР-Стеновые;4;250;Красный;35
5;"Кирпич керамический пустотелый лицевой Солома Воротынск 1 НФ";250/120/65;480;"Воротынский кирпич";2,5;150;Бежевый;20
6;"Кирпич керамический пустотелый лицевой Красный Воротынск 1 НФ";250/120/65;480;"Воротынский кирпич";2,5;150;Красный;14
7;"Кирпич керамический пустотелый лицевой Персик Воротынск 1 НФ";250/120/65;480;"Воротынский кирпич";2,5;150;Красный;17
8;"Кирпич керамический пустотелый лицевой Терракот Воротынск 1 НФ";250/120/65;480;"Воротынский кирпич";2,5;150;Коричневый;35
9;"Кирпич керамический пустотелый лицевой Терракот Воротынск 1,4  НФ";250/120/88;352;"Воротынский кирпич";3,4;150;Коричневый;29
10;"Кирпич керамический пустотелый лицевой Красный Воротынск 1,4  НФ";250/120/88;352;"Воротынский кирпич";3,4;150;Красный;30
11;"Гжельский кирпич  одинарный полнотелый М-300";250/120/65;360;"Гжельский КЗ";4,2;300;Красный;65
13;"Кирпич MSTERA";250/120/65;300;MSTERA;3,8;150;Красный;0
17;"Боровичи кирпич силикатный полуторный";250/120/88;320;"Боровичский завод силикатного кирпича - БЗСК";4,2;150;Белый;22
88;"Кирпич керамический пустотелый лицевой Красный Воротынск Евро";250/85/65;484;"Воротынский кирпич";1,8;150;Красный;11,6
89;"Кирпич керамический пустотелый лицевой Солома Воротынск 1,4 НФ";250/120/88;352;"Воротынский кирпич";3,4;150;Желтый;24,1
90;"Кирпич керамический пустотелый лицевой Слоновая кость Норский КЗ 1 НФ";250/120/65;420;"Норский КЗ";2,1;150;Бежевый;30
91;"Кирпич керамический пустотелый лицевой Персик Воротынск 1,4 НФ";250/120/88;352;"Воротынский кирпич";3,4;150;Красный;0
94;"Кирпич керамический пустотелый лицевой Терракот ";250/120/88;352;"Воротынский кирпич";3,4;150;Коричневый;0
95;"Кирпич керамический пустотелый лицевой Коричневый Воротынск 1,4 НФ";250/120/88;352;"Воротынский кирпич";3,4;150;Коричневый;0
98;"Кирпич керамический пустотелый лицевой Красный  Гжельский КЗ 1 НФ";250/120/65;480;"Гжельский КЗ";2,2;175-200;Красный;0
99;"Кирпич керамический пустотелый лицевой Терракот Гжельский КЗ 1 НФ";250/120/65;480;"Гжельский КЗ";2,2;175-200;Коричневый;0
100;"Кирпич керамический пустотелый лицевой Светло-коричневый Гжельский КЗ 1 НФ";250/120/65;480;"Гжельский КЗ";2,2;175-200;Коричневый;0
101;"Кирпич керамический пустотелый лицевой Коричневый Гжельский КЗ 1 НФ";250/120/65;480;"Гжельский КЗ";2,2;175-200;Коричневый;0
102;"Кирпич керамический пустотелый лицевой Темно-коричневый Гжельский КЗ 1 НФ";250/120/65;480;"Гжельский КЗ";2,2;175-200;Коричневый;0
103;"Кирпич керамический пустотелый лицевой Руст Гжельский КЗ 1 НФ";250/120/65;420;"Гжельский КЗ";2,2;175-200;Красный;17,7
104;"Кирпич керамический пустотелый лицевой Красный Гжельский КЗ Евро";250/85/65;720;"Гжельский КЗ";1,9;175-200;Красный;15,2
112;"Кирпич керамический пустотелый лицевой Терракот Гжельский КЗ Евро";250/85/65;720;"Гжельский КЗ";1,9;175-200;Коричневый;0
113;"Кирпич керамический пустотелый лицевой Коричневый Гжельский КЗ Евро";250/85/65;720;"Гжельский КЗ";1,9;175-200;Коричневый;0
114;"Кирпич керамический пустотелый лицевой Темно-коричневый Гжельский КЗ Евро";250/85/65;720;"Гжельский КЗ";1,9;175-200;Коричневый;0
115;"Кирпич керамический пустотелый лицевой Красный Бархат Гжельский КЗ Евро";250/85/65;720;"Гжельский КЗ";1,9;175-200;Красный;0
116;"Кирпич керамический пустотелый лицевой Терракот Бархат Гжельский КЗ Евро";250/85/65;720;"Гжельский КЗ";1,9;175-200;Коричневый;0
117;"Кирпич керамический пустотелый лицевой Темно-коричневый Бархат Гжельский КЗ Евро";250/85/65;720;"Гжельский КЗ";1,9;175-200;Коричневый;0
118;"Кирпич керамический пустотелый лицевой Красный Гжельский КЗ 1,4 НФ";250/120/88;352;"Гжельский КЗ";3,6;175-200;Красный;0
119;"Кирпич керамический пустотелый лицевой Светло-коричневый Гжельский КЗ 1,4 НФ";250/120/88;352;"Гжельский КЗ";3,6;175-200;Коричневый;0
120;"Кирпич керамический пустотелый лицевой Коричневый Гжельский КЗ 1,4 НФ";250/120/88;352;"Гжельский КЗ";3,6;175-200;Коричневый;0
121;"Кирпич керамический пустотелый лицевой Темно-коричневый Гжельский КЗ 1,4 НФ";250/120/88;352;"Гжельский КЗ";3,6;175-200;Коричневый;0
122;"Кирпич керамический пустотелый лицевой Мокрый асфальт Гжельский КЗ 1,4 НФ";250/120/88;352;"Гжельский КЗ";3,6;175-200;Серый;0
123;"Кирпич керамический пустотелый лицевой Слоновая кость Норский КЗ 1,4 НФ";250/120/88;330;"Норский КЗ";2,8;150;Бежевый;45
124;"Кирпич керамический пустотелый лицевой Коричневый Норский КЗ 1 НФ";250/120/65;420;"Норский КЗ";2,1;150;Коричневый;0
125;"Кирпич керамический пустотелый лицевой Коричневый Норский КЗ 1,4 НФ";250/120/88;330;"Норский КЗ";2,8;150;Коричневый;0
126;"Кирпич керамический пустотелый лицевой Абрикос Норский КЗ 1НФ";250/120/65;420;"Норский КЗ";2,1;150;Красный;0
127;"Кирпич керамический пустотелый лицевой Абрикос Норский КЗ 1.4НФ";250/120/88;330;"Норский КЗ";2,8;150;Красный;0
129;"Кирпич силикатный СУЛПу ";250/120/88;363;ЧЗСК;4;150;Красный;25
131;"Кирпич керамический пустотелый лицевой Красный Керма 1 НФ";250/120/65;444;"Керма КЗ";2,3;150;Красный;0
132;"Кирпич керамический пустотелый лицевой Красный Керма 1,4 НФ";250/120/88;348;"Керма КЗ";2,8;150;Красный;0
133;"Кирпич керамический пустотелый лицевой Красный Керма 0,7 НФ";250/85/65;556;"Керма КЗ";1,7;150;Красный;0
134;"Кирпич керамический пустотелый лицевой Красный Бархат Керма 0,7 НФ";250/85/65;556;"Керма КЗ";1,7;150;Красный;0
135;"Кирпич керамический пустотелый лицевой Красный Бархат Керма 1 НФ";250/120/65;444;"Керма КЗ";2,3;150;Красный;0
136;"Кирпич керамический пустотелый лицевой Красный Бархат Керма 1,4 НФ";250/120/88;348;"Керма КЗ";2,8;150;Красный;0
137;"Кирпич керамический пустотелый лицевой Шоколад Керма 1,4 НФ";250/120/88;348;"Керма КЗ";2,8;150;Коричневый;0
138;"Кирпич керамический пустотелый лицевой Терракот Керма 1 НФ";250/120/65;444;"Керма КЗ";2,3;150;Коричневый;18,3
139;"Кирпич керамический пустотелый лицевой Шоколад Бархат Керма 0,7 НФ";250/85/65;560;"Керма КЗ";1,7;150;Коричневый;0
140;"Кирпич керамический пустотелый лицевой Бордо Керма 1 НФ";250/120/65;444;"Керма КЗ";2,3;150;Красный;0
141;"Кирпич керамический пустотелый лицевой Бордо Керма 1,4 НФ";250/120/88;348;"Керма КЗ";2,8;150;Красный;0
142;"Кирпич керамический пустотелый лицевой Бордо Бархат Керма 1 НФ";250/120/65;444;"Керма КЗ";2,3;150;Красный;0
143;"Кирпич керамический пустотелый лицевой Терракот Бархат Керма 1 НФ";250/120/65;444;"Керма КЗ";2,3;150;Коричневый;0
144;"Кирпич керамический пустотелый лицевой Бордо Бархат Керма 0,7 НФ";250/85/65;556;"Керма КЗ";1,7;150;Красный;0
146;"Кирпич керамический пустотелый лицевой Пшеничное лето Керма 1 НФ";250/120/65;444;"Керма КЗ";2,3;150;Белый;0
147;"Кирпич керамический пустотелый лицевой Пшеничное лето Керма 1,4 НФ";250/120/88;348;"Керма КЗ";2,8;150;Белый;0
148;"Кирпич керамический пустотелый лицевой Пшеничное лето Бархат Керма 0,7 НФ";250/85/65;556;"Керма КЗ";1,7;150;Белый;0
149;"Кирпич керамический пустотелый лицевой Персик ВВКЗ 1 НФ";250/120/65;480;"BBK3 - Верхневолжский кирпичный завод";2;200;Красный;0
150;"Кирпич керамический пустотелый лицевой Персик ВВКЗ 1,4 НФ";250/120/88;352;"BBK3 - Верхневолжский кирпичный завод";3;200;Красный;0
151;"Кирпич керамический пустотелый лицевой Жемчуг (Слоновая кость) ВВКЗ 1 НФ";250/120/65;480;"BBK3 - Верхневолжский кирпичный завод";2,23;200;Бежевый;0
152;"Кирпич керамический пустотелый лицевой Жемчуг (Слоновая кость) ВВКЗ 1,4 НФ";250/120/88;352;"BBK3 - Верхневолжский кирпичный завод";3;200;Бежевый;0
153;"Кирпич керамический пустотелый лицевой Шоколад ВВКЗ 1 НФ";250/120/65;480;"BBK3 - Верхневолжский кирпичный завод";2;200;Коричневый;0
154;"Кирпич керамический пустотелый лицевой Шоколад ВВКЗ 1,4 НФ";250/120/88;352;"BBK3 - Верхневолжский кирпичный завод";3;200;Коричневый;23,6
217;"Кирпич керамический пустотелый лицевой Красный Рязанский КЗ 1 НФ ";250/120/65;480;"Рязанский КЗ";2,2;150;Красный;28
218;"Кирпич керамический пустотелый лицевой Красный Руст Рязанский КЗ 1 НФ";250/120/65;480;"Рязанский КЗ";2,2;150;Красный;45
219;"Кирпич керамический пустотелый лицевой Коричневый Рязанский КЗ 1 НФ";250/120/65;480;"Рязанский КЗ";2,2;150;Коричневый;0
220;"Кирпич керамический пустотелый лицевой Терракот Рязанский КЗ 1 НФ";250/120/65;480;"Рязанский КЗ";2,2;150;Коричневый;0
221;"Кирпич керамический пустотелый лицевой Коричневый Руст Рязанский КЗ 1 НФ";250/120/65;480;"Рязанский КЗ";2,2;150;Коричневый;0
222;"Кирпич керамический пустотелый лицевой Красный Рязанский КЗ 1,4 НФ";250/120/88;352;"Рязанский КЗ";3;150;Красный;35
223;"Кирпич керамический пустотелый лицевой Красный Руст Рязанский КЗ 1,4 НФ";250/120/88;352;"Рязанский КЗ";3;150;Красный;0
224;"Кирпич керамический пустотелый лицевой Коричневый Рязанский КЗ 1,4 НФ";250/120/88;352;"Рязанский КЗ";3;150;Коричневый;0
225;"Кирпич керамический пустотелый лицевой Терракот Рязанский КЗ 1,4 НФ";250/120/88;352;"Рязанский КЗ";3;150;Коричневый;0
226;"Кирпич керамический пустотелый лицевой Коричневый Руст Рязанский КЗ 1,4 НФ";250/120/88;352;"Рязанский КЗ";3;150;Коричневый;0
229;"Кирпич керамический пустотелый лицевой Белый RAUF 1 НФ";250/120/65;480;ЛСР-Стеновые;2;150-175;Белый;0
255;"Рязанский красный кирпич рядовой (пустотность 8%) черпашка";250/120/65;336;"Рязанский КЗ";3,2;250;Красный;40
290;" Рязанский коричневый кирпич лицевой (пустотность 8%) коричневый-рустикс";250/120/65;336;"Рязанский КЗ";3;250;Коричневый;45
721;"Кирово-Чепецк Гляссе лицевой полнотелый 1 НФ";250/120/65;300;"Кирово-чепецкий КЗ";3,9;300;Красный;90
722;"Кирово-Чепецк Терракот лицевой полнотелый 1 НФ";250/120/65;300;"Кирово-чепецкий КЗ";3,9;300;Коричневый;100
724;"Кирово-Чепецк Темный шоколад лицевой полнотелый 1 НФ";250/120/65;300;"Кирово-чепецкий КЗ";3,9;300;Коричневый;130
726;"Кирово-Чепецк Лотос лицевой полнотелый 1 НФ";250/120/65;300;"Кирово-чепецкий КЗ";3,9;300;Белый;165
738;"Кр-л-пу 1 НФ /150/75 Кирово-Чепецк ";250/120/65;420;"Кирово-чепецкий КЗ";2,3;150;Красный;0
739;"Кр-л-пу 1,4 НФ /150/75 Кирово-Чепецк";250/120/88;308;"Кирово-чепецкий КЗ";3,2;150;Красный;0
740;"Кр-л-пу 1 НФ /150/75 Кора дерева Кирово-Чепецк";250/120/65;420;"Кирово-чепецкий КЗ";2,3;150;Красный;0
741;"Кр-л-пу 1,4 НФ /150/75 Кора дерева Кирово-Чепецк";250/120/88;308;"Кирово-чепецкий КЗ";3,2;150;Красный;0
742;"Кр-л-пу 1 НФ /150/75 Флешинг Кирово-Чепецк";250/120/65;420;"Кирово-чепецкий КЗ";2,3;150;Красный;0
743;"Кр-л-пу 1 НФ /150/75 Флешинг Кора дерева Кирово-Чепецк";250/120/65;420;"Кирово-чепецкий КЗ";2,3;150;Красный;0
746;"Кр-л-пу 1,4 НФ /150/75 Бавария микс Кирово-Чепецк";250/120/88;308;"Кирово-чепецкий КЗ";3,2;150;Многоцветные;0
747;"Кр-л-пу 1 НФ /150/75 Гляссе Кирово-Чепецк";250/120/65;420;"Кирово-чепецкий КЗ";2,3;150;Коричневый;0
748;"Кр-л-пу 1,4 НФ /150/75 Гляссе  Кирово-Чепецк";250/120/88;308;"Кирово-чепецкий КЗ";3,2;150;Коричневый;0
772;"Кирпич радиусный полнотелый ЛСР R-60 красный гладкий М500";250/120/65;256;ЛСР-Стеновые;4,4;500;Красный;75
773;"Кирпич радиусный полнотелый ЛСР R-60 коричневый гладкий  М500";250/120/65;256;ЛСР-Стеновые;4,4;500;Коричневый;90
774;"Кр-л-пу 1 НФ /150/75 Шоколад Кирово-Чепецк";250/120/65;420;"Кирово-чепецкий КЗ";2,3;150;Коричневый;0
775;"Кр-л-пу 1 НФ /150/75 Темный шоколад Кирово-Чепецк	";250/120/65;420;"Кирово-чепецкий КЗ";2,3;150;Коричневый;0
776;"Кр-л-пу 1 НФ /150/75 Кора дерева Темный Шоколад Кирово-Чепецк	";250/120/65;420;"Кирово-чепецкий КЗ";2,3;150;Коричневый;0
777;"Кр-л-пу 1 НФ /150/75 Лотос Кирово-Чепецк	";250/120/65;420;"Кирово-чепецкий КЗ";2,3;150;Белый;0
778;"Кр-л-пу 1 НФ /150/75 Кора дерева Лотос Кирово-Чепецк";250/120/65;420;"Кирово-чепецкий КЗ";2,3;150;Белый;0
779;"Кирпич КР-л-пу Красный Дерево 1 НФ";250/120/65;480;"Железногорский КЗ";2,5;150-200;Красный;0
780;"Кирпич КР-л-пу Солома Дерево 1 НФ";250/120/65;480;"Железногорский КЗ";2,5;150-200;Желтый;0
781;"Кирпич КР-л-пу Т.коричневый Пена-Торкрет 1 НФ";250/120/65;480;"Железногорский КЗ";2,5;150-200;Коричневый;0
782;"Кирпич КР-л-пу Т.коричневый Пена 1 НФ";250/120/65;480;"Железногорский КЗ";2,5;150-200;Коричневый;0
783;"Кирпич КР-л-пу Сл.кость Дерево 1 НФ";250/120/65;480;"Железногорский КЗ";2,5;150-200;Бежевый;0
784;"Кирпич КР-л-пу Красный Скала 1,4 НФ";250/120/88;352;"Железногорский КЗ";3,4;150-200;Красный;0
785;"Кирпич КР-л-пу Т.коричневый Скала 1,4 НФ";250/120/88;352;"Железногорский КЗ";3,4;150-200;Коричневый;0
786;"Кирпич КР-л-пу Т.Коричневый Скала 1 НФ";250/120/65;480;"Железногорский КЗ";2,5;150-200;Коричневый;0
787;"Кирпич КР-л-пу Красный Скала 1 НФ";250/120/65;480;"Железногорский КЗ";2,5;150-200;Красный;0
788;"Кирпич КР-л-пу Серый Скала 1 НФ";250/120/65;480;"Железногорский КЗ";2,5;150-200;Серый;0
789;"Кирпич КР-л-пу Т.коричневый Скала-Торкрет 1 НФ";250/120/65;480;"Железногорский КЗ";2,5;150-200;Коричневый;0
790;"Кр-л-пу 1 НФ /150/75 Терракот Кирово-Чепецк";250/120/65;420;"Кирово-чепецкий КЗ";2,3;150;Коричневый;0
791;"Кр-л-пу 1,4 НФ /150/75 Терракот Кирово-Чепецк";250/120/88;308;"Кирово-чепецкий КЗ";3,2;150;Коричневый;0
792;"Кр-л-пу 1,4 НФ /150/75 Шоколад Кирово-Чепецк";250/120/88;308;"Кирово-чепецкий КЗ";3,2;150;Коричневый;0
793;"Кр-л-пу 1,4 НФ /150/75 Темн.шоколад Кирово-Чепецк";250/120/88;308;"Кирово-чепецкий КЗ";3,2;150;Коричневый;0
794;"Кр-л-пу 1 НФ /150/75 Кора дерева Гляссе Кирово-Чепецк";250/120/65;420;"Кирово-чепецкий КЗ";2,3;150;Коричневый;0
795;"Кр-л-пу 1 НФ /150/75 Кора дерева Терракот Кирово-Чепецк";250/120/65;420;"Кирово-чепецкий КЗ";2,3;150;Коричневый;0
796;"Кр-л-пу 1 НФ /150/75 Кора дерева Шоколад Кирово-Чепецк";250/120/65;420;"Кирово-чепецкий КЗ";2,3;150;Коричневый;0
797;"Кр-л-пу 1,4 НФ /150/75 Кора дерева Темный шоколад Кирово-Чепецк";250/120/88;308;"Кирово-чепецкий КЗ";3,2;150;Коричневый;0
798;"Кр-л-пу 1 НФ /150/50 Белый  Кирово-Чепецк";250/120/65;420;"Кирово-чепецкий КЗ";2,3;150;Белый;0
799;"Кр-л-пу 1 НФ /150/50 Кора дерева Белый Кирово-Чепецк";250/120/65;420;"Кирово-чепецкий КЗ";2,3;150;Белый;0
801;"Кр-л-пу 1,4 НФ /150/50 Белый Кирово-Чепецк";250/120/88;308;"Кирово-чепецкий КЗ";3,2;150;Белый;0
802;"Кр-л-пу 1,4 НФ /150/50 ЛотосКирово-Чепецк";250/120/88;308;"Кирово-чепецкий КЗ";3,2;150;Белый;0
803;"Кр-л-пу 1,4 НФ /150/50 Кора дерева Лотос Кирово-Чепецк";250/120/88;308;"Кирово-чепецкий КЗ";3,2;150;Белый;0
804;"Кр-л-пу 1 НФ /150/75 Кора дерева Бавария микс Кирово-Чепецк";250/120/65;308;"Кирово-чепецкий КЗ";3,2;150;Многоцветные;0
805;"Кр-л-пу 1 НФ /150/50 Камелот микс Кирово-Чепецк";250/120/65;420;"Кирово-чепецкий КЗ";2,3;150;Многоцветные;0
806;"Кр-л-пу 1,4 НФ /150/50 Камелот микс Кирово-Чепецк";250/120/88;308;"Кирово-чепецкий КЗ";3,2;150;Многоцветные;0
807;"Кр-л-пу 1 НФ /150/50 Камелот Гляссе Кирово-Чепецк";250/120/65;420;"Кирово-чепецкий КЗ";2,3;150;Бежевый;0
808;"Кр-л-пу 1,4 НФ /150/50 Камелот Гляссе Кирово-Чепецк";250/120/88;308;"Кирово-чепецкий КЗ";3,2;150;Многоцветные;0
809;"Кр-л-пу 1 НФ /150/50 Камелот Терракот Кирово-Чепецк";250/120/65;420;"Кирово-чепецкий КЗ";2,3;150;Многоцветные;0
810;"Кр-л-пу 1,4 НФ /150/50 Камелот Терракот Кирово-Чепецк";250/120/88;308;"Кирово-чепецкий КЗ";3,2;150;Многоцветные;0
811;"Кр-л-пу 1 НФ /150/50 Камелот Шоколад Кирово-Чепецк";250/120/65;480;"Кирово-чепецкий КЗ";2,3;150;Многоцветные;0
812;"Кр-л-пу 1,4 НФ /150/50 Камелот Шоколад Кирово-Чепецк";250/120/88;308;"Кирово-чепецкий КЗ";3,2;150;Многоцветные;0
813;"Кр-л-пу 1 НФ /150/50 Камелот Темный Шоколад Кирово-Чепецк";250/120/65;420;"Кирово-чепецкий КЗ";2,3;150;Многоцветные;0
814;"Кр-л-пу 1,4 НФ /150/50 Камелот Темный Шоколад Кирово-Чепецк";250/120/88;308;"Кирово-чепецкий КЗ";3,2;150;Многоцветные;0
815;"Кр-л-пу 0,7 НФ /150/75 Кирово-Чепецк";250/85/65;540;"Кирово-чепецкий КЗ";1,82;150;Красный;0
816;"Кр-л-пу 0,7 НФ /150/50 Белый Кирово-Чепецк";250/85/65;540;"Кирово-чепецкий КЗ";1,82;150;Белый;0
817;"Кр-л-пу 0,7 НФ /150/50 Кора дерева Белый Кирово-Чепецк";250/85/65;540;"Кирово-чепецкий КЗ";1,82;150;Белый;0
818;"Кр-л-пу 0,7 НФ /150/50 Лотос Кирово-Чепецк";250/85/65;540;"Кирово-чепецкий КЗ";1,82;150;Белый;0
819;"Кр-л-пу 0,7 НФ /150/50 Камелот Гляссе Кирово-Чепецк";250/85/65;540;"Кирово-чепецкий КЗ";1,82;150;Многоцветные;0
820;"Кр-л-пу 0,7 НФ /150/50 Камелот Терракот Кирово-Чепецк";250/85/65;540;"Кирово-чепецкий КЗ";1,82;150;Многоцветные;0
821;"Кр-л-пу 0,7 НФ /150/75 Камелот Шоколад Кирово-Чепецк";250/85/65;540;"Кирово-чепецкий КЗ";1,82;150;Многоцветные;0
822;"Бремен Кёнигштайн";250/85/65;0;Konigstein;0;300;Бремен;0
823;"Хаген Кёнигштайн";250/85/65;0;Konigstein;0;300;Хаген;0
824;"Кёльн Кёнигштайн";250/85/65;0;Konigstein;0;300;Кёльн;0
825;"Регенсбург Кёнигштайн";250-85-65;0;Konigstein;0;300;Регенсбург;0
826;"	Рюген Кёнигштайн";250/120/65;300;Konigstein;3;300;"	Рюген";100
827;"Марксбург Серый Кёнигштайн";250/120/65;300;Konigstein;3;150;"Марксбург Серый";100
834;"пятый элемент красный рустификатор";250/120/65;480;"H+H ";2;150-200;Красный;29
848;"LODE CAMELEO  Кирпич полнотелый, красно-пестрого цвета с гладкой поверхностью";250/120/65;344;"Lode (Лоде)";0;500;камелио;0
849;"lODE Janka кирпич  красный лицевой полнотелый прямой М 500";250/120/65;344;"Lode (Лоде)";4;500;Красный;210
850;"Красный кирпич Боровичи ";250/120/65;400;"Боровичский КСМ";3,6;150;Красный;30
852;"Кирпич керамический полнотелый фигурный Konigstein Марксбург Умбра ";250/120/65;300;Konigstein;3,9;300;Оранжевый;0
853;"Кирпич лицевой желтый ";250/120/65;448;"Голицынский КЗ";2;175;"слоновая кость";30
854;"Кирпич керамический полнотелый фигурный Konigstein Марксбург Белый ";250/120/65;300;Konigstein;3,9;300;Красный;0
864;"Кирпич TEREX";250/120/65;0;TEREX;0;"М 150";солома;0
865;"Кирпич TEREX";250/120/88;0;TEREX;0;"М 150";солома;0
866;"Кирпич TEREX";250/120/88;0;TEREX;0;"М 150";"слоновая кость";0
867;"Кирпич TEREX";250/120/65;0;;0;;"слоновая кость";43
868;"Кирпич TEREX";250/120/65;0;TEREX;0;"М 150";ваниль;0
869;"Кирпич TEREX";250/120/88;0;TEREX;0;"М 150";кокао;0
870;"Кирпич TEREX";250/120/65;0;TEREX;0;"М 150";мокка;0
905;"Дверка ВЕЗУВИЙ каминная 271 (Антрацит)";350-320;0;Везувий;10;;Антрацит;6550
906;"Дверка ВЕЗУВИЙ каминная 270 (Антрацит)";350-320;0;Везувий;9;;Антрацит;8290
907;"Дверка ВЕЗУВИЙ каминная 261 (Антрацит)";280-250;0;Везувий;7;;Антрацит;5970
908;"Задвижка дымохода ВЕЗУВИЙ 2714";320-190;0;Везувий;5,6;;Антрацит;4110
909;"Задвижка дымохода ВЕЗУВИЙ 1427";190-320;0;Везувий;4,8;;Антрацит;4110
910;"Кирпич керамический полнотелый Konigstein Санторини Белый";250/120/65;300;Konigstein;3,9;300;Бежевый;0
911;"Кирпич керамический полнотелый Konigstein Санторини Акватинта";250/120/65;300;Konigstein;3,9;300;Бежевый;0
912;"Кирпич строительный рядовой ЛСР (RAUF Basis) М250, 250*120*65 мм";250/120/65;300;ЛСР-Стеновые;4;250;Красный;27
913;"Кирпич кислотоупорный APS type R";230/114/64;354;"Боровичский комбинат огнеупоров";3,69;Прочее;Серый;75
914;"Кирпич керамический полнотелый Konigstein Санторини Терра";250/120/65;300;Konigstein;3,9;300;Бежевый;0
916;"Кирпич лицевой полнотелый  красный М400";250/120/65;240;ЛСР-Стеновые;4;;Красный;75
917;"Кирпич полнотелый лицевой коричневый М 400";250/120/65;240;ЛСР-Стеновые;4;;Коричневый;85
918;"Кирпич керамический полнотелый Konigstein Гессен Вайн ";250/120/65;300;Konigstein;3,9;300;Бордовый;0
919;"Кирпич керамический полнотелый Konigstein Марксбург Серый";250/120/65;300;Konigstein;3,9;300;Коричневый;0
920;"Кирпич керамический полнотелый Konigstein Марксбург Кварц";250/120/65;300;Konigstein;3,9;300;Красный;0
921;"Кирпич керамический полнотелый Konigstein Марксбург Белый";250/120/65;300;Konigstein;3,9;300;Красный;0
922;"Кирпич керамический полнотелый Konigstein Марксбург Умбра";250/120/65;300;Konigstein;3,9;300;Оранжевый;0
923;"Кирпич Konigstein Марксбург Умбра керамический пустотелый";250/120/65;540;Konigstein;2,25;175;Оранжевый;0
924;"Кирпич Konigstein Марксбург Кварц керамический пустотелый";250/120/65;540;Konigstein;2,25;175;Красный;0
925;"Кирпич Konigstein Марксбург Белый керамический пустотелый";250/120/65;540;Konigstein;2,25;175;Красный;0
926;"Кирпич Konigstein Гессен Вайн керамический пустотелый";250/85/65;660;Konigstein;2;175;Бордовый;0
927;"Кирпич Konigstein Марксбург Серый керамический пустотелый";250/85/65;660;Konigstein;2;175;Коричневый;0
928;"Кирпич Konigstein Марксбург Кварц керамический пустотелый";250/85/65;660;Konigstein;2;175;Красный;0
929;"Кирпич Konigstein Марксбург Белый керамический пустотелый";250/85/65;660;Konigstein;2;175;Красный;0
930;"Кирпич Konigstein Марксбург Умбра керамический пустотелый";250/85/65;660;Konigstein;2;175;Умбра;0
931;"Клинкер фасадный белый ""НЕАПОЛЬ"" ( гладкий, тросник, береста)";250/85/65;480;ЛСР-Стеновые;2;;Белый;35
932;"Клинкер фасадный серый ""СТОКГОЛЬМ"" ( гладкий, тросник, береста)";250/85/65;480;ЛСР-Стеновые;2;;Серый;40
933;"Клинкер фасадный коричневый ""МЮНХЕН"" ( гладкий, тросник, береста)";250/85/65;480;ЛСР-Стеновые;2;;Коричневый;34
934;"Клинкер фасадный коичневый ""МЮНХЕН""  береста с песком";250/85/65;480;ЛСР-Стеновые;2;;Коричневый;36
935;"Клинкер фасадный красный ""ЛОНДОН"" ( гладкий, тросник, береста)";250/85/65;480;ЛСР-Стеновые;2;;Красный;28
936;"Клинкер фасадный кремовый ""МАРСЕЛЬ"" ( гладкий, тросник, береста)";250/85/65;480;ЛСР-Стеновые;2;;Бежевый;32
937;"Клинкер фасадный тёмно-красный ""ЭДИНБУРГ"" ( гладкий, тросник, береста)";250/85/65;480;ЛСР-Стеновые;2;;Красный;30
938;"Клинкер фасадный тёмно-красный ""ЭДИНБУРГ"" береста с песком";250/85/65;480;ЛСР-Стеновые;2;;Красный;32
939;"Клинкер фасадный соломенный ""ВАЛЕНСИЯ"" ( гладкий, тросник, береста)";250/85/65;480;ЛСР-Стеновые;2;;солома;39
941;"Кирпич керамический одинарный лицевой РКЗ";250/120/65;0;"Рязанский КЗ";0;;Коричневый;0
944;"Кирпич утолщенный лицевой РКЗ";;0;"Рязанский КЗ";0;;Коричневый;0
946;"Кирпич одинарный лицевой евроформата коричневый РКЗ";;0;"Рязанский КЗ";0;;Коричневый;0
947;"Кирпич одинарный фасонный лицевой РКЗ";250/120/65;480;"Рязанский КЗ";2;150-175;Коричневый;50
948;"Кирпич одинарный фасонный лицевой РКЗ";250/120/65;480;"Рязанский КЗ";2;150-175;Красный;50
951;"Кирпич одинарный лицевой РКЗ";250/120/65;480;"Рязанский КЗ";2,5;150-175;Красный;28
952;"Кирпич утолщенный терракот РКЗ";;0;"Рязанский КЗ";0;;Красный;0
953;"Кирпич утолщенный лицевой РКЗ";;0;"Рязанский КЗ";0;;Коричневый;0
954;"Кирпич огнеупорный ША-23";"230 - 114 - 65";350;"Боровичский комбинат огнеупоров";3;;;60
955;"Кирпич огнеупорный ША-1";;0;"Боровичский комбинат огнеупоров";0;;;0
956;"Кирпич огнеупорный ША-5";"230 - 114 - 65";350;"Боровичский комбинат огнеупоров";3;;;100
958;"Кирпич огнеупорный ША-9";"300 - 150 - 65";200;"Боровичский комбинат огнеупоров";6;;;250
959;"Кирпич огнеупорный ША-26";;0;"Боровичский комбинат огнеупоров";0;;;0
960;"Кирпич огнеупорный ША-27";;0;"Боровичский комбинат огнеупоров";0;;;60
961;"Кирпич огнеупорный ША-42";;0;"Боровичский комбинат огнеупоров";0;;;0
962;"Кирпич огнеупорный ША-45";;350;"Боровичский комбинат огнеупоров";0;;;100
963;"Кирпич огнеупорный ША-94";"460 - 230 - 75";70;"Боровичский комбинат огнеупоров";17;;;1000
964;"Кирпич огнеупорный ША-96";;51;"Боровичский комбинат огнеупоров";27;;;1500
965;"Кирпич огнеупорный ША-97";;0;"Боровичский комбинат огнеупоров";0;;;0
966;"Кирпич огнеупорный ШБ-22";;350;"Боровичский комбинат огнеупоров";0;;;100
967;"Кирпич огнеупорный ШБ-8";250/120/65;297;"Боровичский комбинат огнеупоров";4;;;120
968;"Кирпич огнеупорный ШБ-44";;0;"Боровичский комбинат огнеупоров";0;;;100
969;"Кирпич огнеупорный ША-47";;324;"Боровичский комбинат огнеупоров";0;;;120
970;"Кирпич огнеупорный ША-48";"250 -124 -65";324;"Боровичский комбинат огнеупоров";4;;;120
972;"Кирпич керамический одинарный ЕВРОФОРМАТА лицевой РКЗ";;0;"Рязанский КЗ";0;;Коричневый;0
975;"Кирпич одинарный фасонный лицевой РКЗ";250/120/65;480;"Рязанский КЗ";2;150-175;Красный;50
976;"Кирпич полнотелый лицевой М250 РКЗ";;0;"Рязанский КЗ";0;;Красный;0
978;"Кирпич керамический одинарный лицевой РКЗ";250/120/65;480;"Рязанский КЗ";2,5;150;Красный;28
979;"Кирпич утолщенный терракот РКЗ";;0;"Рязанский КЗ";0;;Красный;0
980;"Кирпич утолщенный лицевой РКЗ";;0;"Рязанский КЗ";0;;Коричневый;0
981;"Кирпич утолщенный лицевой РКЗ";;0;"Рязанский КЗ";0;;Красный;0
982;"Кирпич полнотелый лицевой М250 РКЗ";;0;"Рязанский КЗ";0;;Красный;40
983;"Кирпич керамический рядовой ( пустотность 8 %) РКЗ";;336;"Рязанский КЗ";3;150-200;Коричневый;45
984;"Кирпич керамический рядовой ( пустотность 8 %) РКЗ";250/120/65;336;"Рязанский КЗ";3;150-200;Красный;35
985;"Кирпич керамический одинарный лицевой РКЗ";250/120/65;480;"Рязанский КЗ";2;175;Коричневый;45
986;"Печной пластилин БоРосс МВТ 1300";;0;Огнеупорснабсервис;2,5;;;1000
987;"Блок дымохода футеровочный БФК-1 бетонный";250-250-124;0;КАМИ;9,6;;;0
988;"Пл-51 Перекрытие бетонное малое";510-250-65;0;КАМИ;21,1;;;650
989;"Пр-2к Перемычка бетонная";510-120-65;0;КАМИ;10;;;350
990;"Пл-64 Перекрытие бетонное большое";640-250-65;0;КАМИ;24,2;;;850
991;"Пт-77 Плита бетонная Т-образная";770-320-65;0;КАМИ;37,6;;;1050
992;"ПР-3к Перемычка бетонная ";770-120-65;0;КАМИ;15,3;;;500
993;"Кирпич печной  LODE ANDROMEDA";250/120/65;344;"Lode (Лоде)";4;500;Красный;295
994;"Кирпич печной  LODE ASAIS BRUNIS";250/120/65;344;"Lode (Лоде)";4,2;500;Коричневый;270
995;"Кирпич печной  LODE  BRUNIS прямой";250/120/65;344;"Lode (Лоде)";4;500;Коричневый;270
996;"Кирпич печной  LODE CAMELEO";250/120/65;344;"Lode (Лоде)";4;500;Красный;295
998;"Кирпич печной  LODE GEMINI";250/120/65;344;"Lode (Лоде)";4;500;Многоцветные;295
999;"Кирпич печной LODE HERKULES";250/120/65;344;"Lode (Лоде)";4;500;Многоцветные;360
1000;"Кирпич печной LODE ASAIS JANKA";250/120/65;344;"Lode (Лоде)";4;500;Красный;210
1001;"Кирпич печной LODE VECAIS JANKA";250/120/65;344;"Lode (Лоде)";4;500;Красный;210
1002;"Кирпич печной LODE JANKA";250/120/65;344;"Lode (Лоде)";4;500;Красный;210
1003;;250/120/65;344;"Lode (Лоде)";4,2;500;Многоцветные;295
1004;"Кирпич печной  LODE ROBIS";250/120/65;344;"Lode (Лоде)";4;500;Красный;210
1005;"Кирпич печной LODE SATURN";250/120/65;344;"Lode (Лоде)";4;500;Многоцветные;295
1006;"Кирпич печной LODE SKARBAIS JANKA";250/120/65;344;"Lode (Лоде)";3;500;Красный;210
1007;"Кирпич печной LODE VECAIS BRUNIS";250/120/65;344;"Lode (Лоде)";4;500;Коричневый;270
1008;;250/120/65;360;"Lode (Лоде)";3;500;Желтый;320
1009;"ПР-2.5к Бетонная перемычка";640-120-65;0;КАМИ;12,5;;;450
1010;"Пг-3к Перемычка бетонная Г-образная большая";770-100-65;0;КАМИ;11,6;;;500
1011;"Витебский красный кирпич (цех №1)";250/120/65;330;"Витебский Кирпичный Завод";3,6;200;Красный;47
1012;"Кирпич Кострома М200 красный";250/120/65;400;;3,5;200;Красный;0
1013;"LODE Фигурный кирпич полнотелый JANKA F15";;360;"Lode (Лоде)";4;500;Красный;320
1014;"LODE Фигурный кирпич полнотелый BRUNIS F14";;0;"Lode (Лоде)";0;;Коричневый;0
1015;"LODE Фигурный кирпич полнотелый BRUNIS F15";;0;"Lode (Лоде)";0;;Коричневый;360
1016;"LODE Фигурный кирпич полнотелый BRUNIS F17";;0;"Lode (Лоде)";0;;Коричневый;0
1017;"LODE Фигурный кирпич полнотелый JANKA F13";;0;"Lode (Лоде)";0;;Красный;0
1018;"LODE Фигурный кирпич полнотелый JANKA F17";;0;"Lode (Лоде)";0;;;0
1019;"LODE Фигурный кирпич полнотелый JANKA F20";;360;"Lode (Лоде)";4;;Красный;320
1020;"LODE Фигурный кирпич полнотелый KRYPTON F15";;0;"Lode (Лоде)";0;;Многоцветные;0
1021;"LODE Фигурный кирпич полнотелый VECAIS JANKA F15";;0;"Lode (Лоде)";0;;Красный;0
1022;"LODE Фигурный кирпич полнотелый JANKA (радиальный сколотый)";;0;"Lode (Лоде)";0;;Красный;0
1023;"LODE Фигурный кирпич полнотелый BRUNIS F30 (радиальный)";;0;"Lode (Лоде)";0;;Коричневый;0
1024;"LODE Фигурный кирпич полнотелый JANKA F30 (радиальный)";;320;"Lode (Лоде)";4;500;Красный;360
1025;"LODE Фигурный кирпич полнотелый BRUNIS F6";;0;"Lode (Лоде)";0;;Коричневый;0
1026;"LODE Фигурный кирпич полнотелый BRUNIS F13";;0;"Lode (Лоде)";0;;Коричневый;0
1027;"LODE Фигурный кирпич полнотелый BRUNIS F20";;0;"Lode (Лоде)";0;;Коричневый;360
1028;"LODE Фигурный кирпич полнотелый BRUNIS F22";;0;"Lode (Лоде)";0;;Коричневый;0
1029;"LODE Фигурный кирпич полнотелый JANKA F7";;0;"Lode (Лоде)";0;;Красный;0
1030;"LODE Фигурный кирпич полнотелый JANKA F14";;0;"Lode (Лоде)";0;;Красный;0
1031;"LODE Подоконник большой";;0;"Lode (Лоде)";0;;Коричневый;0
1032;"LODE Подоконник (большой)";;0;"Lode (Лоде)";0;;Красный;0
1033;"LODE Подоконник (маленький)";;0;"Lode (Лоде)";0;;Красный;0
1034;"LODE Подоконник (маленький)";;0;"Lode (Лоде)";0;;Коричневый;0
1035;"Клей для газобетонных блоков AEROC";;0;ЛСР-Стеновые;25;;;325
1036;"Газобетонный блок D600-300-250-625";300-250-625;40;ЛСР-Стеновые;25,3;D600;;5550
1037;"Газобетонный блок  D500-375-250-625";375-250-625;32;ЛСР-Стеновые;38,4;500;;5550
1038;"Газобетонный блок D400-150-250-625";150-250-625;80;ЛСР-Стеновые;12,6;400;;5550
1039;U-блок-400-250-500;400-250-500;36;ЛСР-Стеновые;19,1;400;;850
1040;U-Блок-375-250-500;375-250-500;36;ЛСР-Стеновые;17,5;300;;800
1041;U-Блок-300-250-500;300-250-500;48;ЛСР-Стеновые;12,4;300;;750
1042;U-Блок-250-250-500;250-250-500;40;ЛСР-Стеновые;9,1;500;;700
1043;U-блок-n-n-200-250-500;200-250-500;48;ЛСР-Стеновые;7,8;500;;650
1044;"Печная смесь";;56;СЭВ;25;;Серый;300
1045;"Печная смесь для наружных работ";;50;СЭВ;25;;;280
1046;"Огнеупорная печная смесь";;56;СЭВ;25;;Серый;320
1047;Шамот;;0;СЭВ;0;;;0
1048;"Огнеупорная глина (молотая)";;56;СЭВ;20;;;600
1049;"Красная печная глина";;56;СЭВ;20;;;500
1050;"Штукатурка печная";;0;СЭВ;20;;;0
1051;"Мертель МШ-28";;40;СЭВ;20;;;700
1052;"Цементно-песчаная смесь";;40;СЭВ;30;;;300
1053;"Цемент М 500";;56;;20;D500;;250
1055;"Боровичи кирпич силикатный одинарный ";250/120/65;402;"Боровичский завод силикатного кирпича - БЗСК";4;150;Белый;22
1056;"Кирпич R-60 красный";250/120/65;300;"Кирово-чепецкий КЗ";4;300;Красный;100
1057;"Кирпич R-60 тёмный шоколад";250/120/65;300;"Кирово-чепецкий КЗ";4;300;"темный шоколад";150
1058;"Кирпич R-60 лотос";250/120/65;300;"Кирово-чепецкий КЗ";4;300;Лотос;165
1060;"Кирпич полнотелый красный лицевой Кирово-Чепецкий КЗ ";250/120/65;300;"Кирово-чепецкий КЗ";3,9;300;Красный;90
1061;"Продукция AEROC. Технические характеристики.";;0;ЛСР-Стеновые;0;;;0
1062;"Дверка ВЕЗУВИЙ печная ДТ-3 (Антрацит)";250-290;0;Везувий;5,8;;Антрацит;3250
1063;"Дверка ВЕЗУВИЙ печная ДТ-3С (Антрацит)";250-290;0;Везувий;5,2;;Антрацит;4640
1064;"Дверка ВЕЗУВИЙ печная ДТ-4 (Антрацит)";320-290;0;Везувий;7,2;;Антрацит;4050
1065;"Дверка ВЕЗУВИЙ печная ДТ-4С (Антрацит)";320-290;0;Везувий;7,9;;Антрацит;6130
1066;"Дверка ВЕЗУВИЙ поддувальная 236 (Антрацит)";185-320;0;Везувий;8;;Антрацит;4640
1067;"Дверка ВЕЗУВИЙ поддувальная ДП-2 (Антрацит)";180-290;0;Везувий;4,7;;Антрацит;2310
1068;"Дверка ВЕЗУВИЙ прочистная 235 (Антрацит";170-170;0;Везувий;3,4;;Антрацит;2180
1070;"Кирпич Konigstein";250/120/65;0;Konigstein;0;;;0
1071;"Клинкер фасадный коричневый ";250/85/65;0;ЛСР-Стеновые;2,5;М300;Коричневый;0
1072;"Клинкер фасадный коричневый ""Мюнхен"", поверхность береста";250/85/65;0;ЛСР-Стеновые;2,5;М300;Коричневый;0
1073;"Клинкер фасадный красный ""Лондон"", поверхность гладкая";250/85/65;0;ЛСР-Стеновые;2,5;М300;Красный;0
1074;"Клинкер фасадный красный ""Лондон"", поверхность береста";250/85/65;0;ЛСР-Стеновые;2,5;М300;Красный;0
1075;"Клинкер фасадный красный флэш ""Ноттингем"", поверхность гладкая";250/85/65;0;ЛСР-Стеновые;2,5;М300;"Красный флэш";0
1076;"Клинкер фасадный красный флэш ""Ноттингем"", поверхность береста";250/85/65;0;ЛСР-Стеновые;2,5;М300;"Красный флэш";0
1077;"Клинкер фасадный тёмно-красный ""Эдинбург"", поверхность гладкая";250/85/65;0;ЛСР-Стеновые;2,5;М300;Тёмно-красный;0
1078;"Клинкер фасадный тёмно-красный ""Эдинбург"", поверхность береста";250/85/65;0;ЛСР-Стеновые;2,5;М300;Тёмно-красный;0
1079;"Клинкер фасадный тёмно-терракотовый флэш ""Брюгге"", поверхность гладкая";250/85/65;0;ЛСР-Стеновые;2,5;М300;"Тёмно-терракотовый флэш";0
1080;"Клинкер фасадный тёмно-терракотовый флэш ""Брюгге"", поверхность береста";250/85/65;0;ЛСР-Стеновые;2,5;М300;"Тёмно-терракотовый флэш";0
1081;"Клинкер фасадный чёрный матовый ""Рейкьявик"", поверхность гладкая";250/85/65;0;ЛСР-Стеновые;2,5;М300;Чёрный;0
1082;"Клинкер фасадный чёрный глянцевый ""Рейкьявик"", поверхность гладкая";250/85/65;0;ЛСР-Стеновые;2,5;М300;Чёрный;0
1083;"Клинкер фасадный серебристый ""Эльфюс"", поверхность гладкая";250/85/65;0;ЛСР-Стеновые;2,5;М300;Серебристый;0
1084;"Клинкер фасадный коричневый ""Кёльн"", поверхность винтаж";250/85/65;0;ЛСР-Стеновые;2,5;М300;Коричневый;0
1085;"Клинкер фасадный красный флэш ""Ричмонд"", поверхность винтаж";250/85/65;0;ЛСР-Стеновые;2,5;М300;"Красный флэш";0
1086;"Клинкер фасадный тёмно-терракотовый флэш ""Антверпен"", поверхность винтаж";250/85/65;0;ЛСР-Стеновые;2,5;М300;"Тёмно-терракотовый флэш";0
1087;"Клинкер тротуарный коричневый ""Мюнхен""";200-100-50;0;ЛСР-Стеновые;2,4;8Мпа;Коричневый;0
1088;"Клинкер тротуарный коричневый ""Мюнхен"" лонг";250-80-50;0;ЛСР-Стеновые;2,4;8Мпа;Коричневый;0
1089;"Клинкер тротуарный красный ""Лондон""";200-100-50;0;ЛСР-Стеновые;2,4;8Мпа;Красный;0
1090;"Клинкер тротуарный красный ""Лондон"" лонг";250-80-50;0;ЛСР-Стеновые;2,4;8Мпа;Красный;0
1091;"Клинкер тротуарный тёмно-красный ""Эдинбург""";200-100-50;0;ЛСР-Стеновые;2,4;8Мпа;Тёмно-красный;0
1092;"Клинкер тротуарный тёмно-красный ""Эдинбург"" лонг";250-80-50;0;ЛСР-Стеновые;2,4;8Мпа;Тёмно-красный;0
1093;"Клинкер тротуарный тёмно-красный флэш ""Глазго""";200-100-50;0;ЛСР-Стеновые;2,4;8Мпа;"Тёмно-красный флэш";0
1094;"Клинкер тротуарный тёмно-красный флэш ""Глазго"" лонг";250-80-50;0;ЛСР-Стеновые;2,4;8Мпа;"Тёмно-красный флэш";0
1095;"Клинкер тротуарный графитовый ""Штутгарт""";200-100-50;0;ЛСР-Стеновые;2,4;8Мпа;Графитовый;0
1096;"Клинкер тротуарный графитовый ""Штутгарт"" лонг";250-80-50;0;ЛСР-Стеновые;2,4;8Мпа;Графитовый;0
1097;"Клинкер тротуарный бронзовый ""Турин""";200-100-50;0;ЛСР-Стеновые;2,4;8Мпа;Бронзовый;0
1098;"Клинкер тротуарный бронзовый ""Турин"" лонг";250-80-50;0;ЛСР-Стеновые;2,4;8Мпа;Бронзовый;0
1099;"Клинкер тротуарный красный флэш ""Ноттингем""";200-100-50;0;ЛСР-Стеновые;2,4;8Мпа;"Красный флэш";0
1100;"Клинкер тротуарный красный флэш ""Ноттингем"" лонг";250-80-50;0;ЛСР-Стеновые;2,4;8Мпа;"Красный флэш";0
1101;"Клинкер тротуарный терракотовый ""Бонн""";200-100-50;0;ЛСР-Стеновые;2,4;8Мпа;Терракотовый;0
1102;"Кирпич лицевой пустотелый тёмно-красный, поверхность гладкая";250/120/65;0;ЛСР-Стеновые;2,7;150-175;Тёмно-красный;0
1103;"Кирпич лицевой пустотелый тёмно-красный, поверхность рустик";250/120/65;0;ЛСР-Стеновые;2,7;150-175;Тёмно-красный;0
1104;"Кирпич лицевой пустотелый красный флэш, поверхность гладкая";250/120/65;0;ЛСР-Стеновые;0;150-175;"Красный флэш";0
1108;"Кирпич лицевой пустотелый красный флэш, поверхность рустик";250/120/65;0;ЛСР-Стеновые;2,7;150-175;"Красный флэш";0
1109;"Кирпич лицевой пустотелый красный флэш тёмный, поверхность гладкая";250/120/65;0;ЛСР-Стеновые;2,7;150-175;"Тёмно-красный флэш";0
1110;"Кирпич лицевой пустотелый красный флэш тёмный, поверхность рустик";250/120/65;0;ЛСР-Стеновые;2,7;150-175;Тёмно-красный;0
1111;"Кирпич лицевой пустотелый коричневый, поверхность гладкая";250/120/65;0;ЛСР-Стеновые;2,7;150-175;Коричневый;0
1112;"Кирпич лицевой пустотелый коричневый, поверхность рустик";250/120/65;0;ЛСР-Стеновые;2,7;150-175;Коричневый;0
1113;"Кирпич лицевой пустотелый тёмно-коричневый, поверхность гладкая";250/120/65;0;ЛСР-Стеновые;2,7;150-175;Тёмно-коричневый;0
1114;"Кирпич лицевой пустотелый тёмно-коричневый, поверхность рустик";250/120/65;0;ЛСР-Стеновые;2,7;150-175;Тёмно-коричневый;0
1115;"Кирпич лицевой пустотелый слоновая кость, поверхность гладкая";250/120/65;0;ЛСР-Стеновые;2,7;150-175;"Слоновая кость";30
1116;"Кирпич лицевой пустотелый слоновая кость, поверхность рустик";250/120/65;0;ЛСР-Стеновые;0;150-175;"Слоновая кость";0
1117;"Кирпич лицевой пустотелый бежевый, поверхность гладкая";250/120/65;0;ЛСР-Стеновые;2,7;150-175;Бежевый;50
1118;"Кирпич лицевой пустотелый бежевый, поверхность рустик";250/120/65;0;ЛСР-Стеновые;2,7;150-175;Бежевый;0
1119;"Кирпич лицевой пустотелый светло-коричневый, поверхность гладкая";250/120/65;0;ЛСР-Стеновые;2,7;150-175;Светло-коричневый;0
1120;"Кирпич лицевой пустотелый светло-коричневый флэш, поверхность гладкая";250/120/65;0;ЛСР-Стеновые;2,7;150-175;"Светло-коричневый флэш";0
1121;"Кирпич лицевой пустотелый светло-коричневый флэш ультра, поверхность гладкая";250/120/65;0;ЛСР-Стеновые;2,7;150-175;"Светло-коричневый флэш";0
1122;"Кирпич лицевой пустотелый серый, поверхность гладкая";250/120/65;0;ЛСР-Стеновые;2,7;150-175;Серый;0
1123;"Кирпич лицевой пустотелый серый, поверхность рустик";250/120/65;0;ЛСР-Стеновые;2,7;150-175;Серый;0
1124;"Кирпич лицевой пустотелый белый, поверхность гладкая";250/120/65;0;ЛСР-Стеновые;2,7;150-175;Белый;0
1125;"Кирпич лицевой пустотелый белый, поверхность рустик";250/120/65;0;ЛСР-Стеновые;2,7;150-175;Белый;0
1126;"Кирпич лицевой пустотелый графитовый, поверхность гладкий";250/120/65;0;ЛСР-Стеновые;2,7;150-175;Графитовый;0
1127;"Кирпич лицевой пустотелый светло-серый, поверхность гладкая";250/120/65;0;ЛСР-Стеновые;2,7;150-175;Светло-серый;0
1128;"Кирпич лицевой пустотелый светло-серый, поверхность рустик";250/120/65;0;ЛСР-Стеновые;2,7;150-175;Светло-серый;0
1129;"Кирпич лицевой полнотелый красный";250/120/65;330;ЛСР-Стеновые;4,3;250;Красный;85
1130;"Кирпич лицевой полнотелый красный угловой R-60";250/120/65;300;ЛСР-Стеновые;4,3;250;Красный;100
1131;"Кирпич лицевой полнотелый коричневый";250/120/65;240;ЛСР-Стеновые;4,3;250;Коричневый;85
1132;"Кирпич лицевой полнотелый коричневый угловой R-60";250/120/65;256;ЛСР-Стеновые;4,3;250;Коричневый;90
1133;"Кирпич лицевой полнотелый белый";250/120/65;0;ЛСР-Стеновые;4,3;250;Белый;150
1134;"Кирпич лицевой полнотелый белый угловой R-60";250/120/65;300;ЛСР-Стеновые;4,3;250;Белый;150
1135;"Кирпич лицевой полнотелый светло-серый угловой R-60";250/120/65;300;ЛСР-Стеновые;4,3;250;Серый;70
1136;"337 LK Дпр. (65 - 130)";"130 - 65";0;ЛИТКОМ;1,7;;;0
1137;"305 LK Дверца герметичная со стеклом";"410 - 410";0;ЛИТКОМ;25;;;0
1138;"к/ч Шоколад прямой";250/120/65;300;"Кирово-чепецкий КЗ";3,9;М300;шоколад;100
1139;"к/ч R60 шоколад";250/120/65;300;"Кирово-чепецкий КЗ";3,9;М300;шоколад;140
1140;"ЛСР Янтарь";250/120/65;300;ЛСР-Стеновые;3,9;250;Янтарь;50
1141;"к/ч R60 Милорен";250/120/65;300;"Кирово-чепецкий КЗ";4;М300;Серый;70
1142;"к/ч R60 Персик";250/120/65;300;"Кирово-чепецкий КЗ";4;М300;Бежевый;70
1143;"к/ч Флеш";250/120/65;240;"Кирово-чепецкий КЗ";4;400;Коричневый;50
1144;"Дверь каминная двухстворчатая ,,Горница,, ДК-6С RLK";"410 - 410";0;ЛИТКОМ;15;;Антрацит;21687
1145;"Дверь топочная ДТ-3 RLK";250-210;0;ЛИТКОМ;2;;Антрацит;1807
1146;"Дверь топочная ДТ-4 RLK";"Размер под закладку: 250 х 280 мм";0;ЛИТКОМ;3;;Антрацит;2212
1147;"Дверь каминная Д-205 Стекло";"Размер под закладку 415-415";0;Везувий;15;;Антрацит;19590
1148;"Дверь каминная Д-217 Стекло";"Размер под закладку 410-350";0;Везувий;12;;Антрацит;15610
1149;"Дверь каминная Д-218";"Размер под закладку 340-405";0;Везувий;15;;Антрацит;13290
1150;"Дверь каминная Д-220 Стекло";"Размер под закладку 290-325";0;Везувий;10;;Антрацит;10350
1151;"Дверь каминная Д-222 Стекло";"Размер под закладку 410-280";0;Везувий;10;;Антрацит;12700
1152;"Дверь каминная Д-223";"Размер под закладку 410-280";0;Везувий;12;;Антрацит;11190
1153;"Дверь каминная Д-224 Стекло";"Размер под закладку 410-350";0;Везувий;15;;Антрацит;15040
1154;"Дверь каминная Д-260 Стекло";"Размер под закладку:  250 х 210 мм";0;Везувий;8;;Антрацит;7710
1155;"Дверь каминная Д-280 Стекло";"Размер под кладку 305-355";0;Везувий;15;;Антрацит;12710
1156;"Дверь поддувальная ДП-2";"Размер под кладку 250-140";0;ЛИТКОМ;1;;Антрацит;1500
1157;"Дверь каминная поддувальная ДП-2А";"Размер под кладку 250-140";0;ЛИТКОМ;3;;Антрацит;2700
1158;"Дверь прочистная ДПр-1";"Размер под кладку 130-90";0;ЛИТКОМ;1;;Антрацит;693
1159;"Дверь прочистная ДПр-2";"Размер под закладку:  150 х 125 мм";0;ЛИТКОМ;1;;Антрацит;887
1160;"Дверь поддувальная уплотнённая ДПу-4";"Размер под кладку 250-65";0;ЛИТКОМ;3;;Антрацит;4012
1161;"Духовой шкаф ДТ-4";"Размер под кладку 270-313-453";0;Балезино;30;;Антрацит;10800
1162;"Задвижка ЗВ-1";"Размер под кладку 130-130";0;ЛИТКОМ;1;;Антрацит;1990
1164;"Задвижка ЗВ-1А";"Размер под кладку 130-130";0;ЛИТКОМ;1;;Антрацит;2152
1165;"Задвижка ЗВ-3Ау";"Размер под кладку 240-130";0;ЛИТКОМ;3;;Антрацит;1550
1166;"Задвижка ЗВ-5";"Размер под кладку 240-260";0;ЛИТКОМ;4;;Антрацит;2848
1167;"Задвижка ЗВ-7А";"Размер под кладку 160-300";0;ЛИТКОМ;5;;Антрацит;3600
1168;"Задвижка ЗВ-1414";"Размер под кладку 140-140";0;Везувий;2;;Антрацит;2820
1169;"Задвижка ЗВ-5А";"Размер под кладку 240-260";0;ЛИТКОМ;5;;Антрацит;3750
1170;"Задвижка ЗВП-1";"Размер под кладку 160-300";0;ЛИТКОМ;1;;Антрацит;3800
1171;"Задвижка ЗВП-2";"Размер под кладку 270-270";0;ЛИТКОМ;4;;Антрацит;4560
1172;"Задвижка ЗВП-4";"Размер под кладку 130-260";0;ЛИТКОМ;3;;Антрацит;3650
1173;"Задвижка ЗВП-5";"Размер под кладку 130-130";0;ЛИТКОМ;1;;Антрацит;3600
1174;"Плита печная П1-5";512-512;0;ЛИТКОМ;17;;Антрацит;10752
1175;"Плита печная П1-6";600-600;0;ЛИТКОМ;20;;Антрацит;18318
1176;"Плита печная П1-9";510-340;0;ЛИТКОМ;12;;Антрацит;3547
1177;"Плита печная П1-10А";700-700;0;ЛИТКОМ;30;;Антрацит;26575
1178;"Плита печная П-5";460-700;0;Везувий;15;;Чёрный;13250
1179;"Плита печная П-1";340-410;0;Везувий;7;;Чёрный;6030
1180;"Плита печная П2-7";510-340;0;ЛИТКОМ;13;;Антрацит;3630
1181;"Плита печная ПК-400А";518-518;0;Везувий;30;;Чёрный;13350
1182;"Плита печная сборная ПС1-12";710-410;0;ЛИТКОМ;15;;Антрацит;6762
1183;"Плита печная сборная ПС2-3";710-410;0;ЛИТКОМ;15;;Антрацит;5930
1184;"Плита печная сборная ПС2-3А";710-410;0;ЛИТКОМ;15;;Антрацит;6398
1185;"Плита печная сборная цельная ПСЦ-1";710-410;0;ЛИТКОМ;17;;Антрацит;6387
1186;"Плита печная П-3";584-344;0;Везувий;15;;Чёрный;8710
1187;"Колосник РУ-3";350-200;0;ЛИТКОМ;2;;Антрацит;1420
1188;"Колосник РД-5";300х250;0;ЛИТКОМ;3;;Антрацит;1818
1189;"Колосник РУ-6";300-300;0;ЛИТКОМ;4;;Антрацит;2023
1190;"Колосник РД-1";250-250;0;ЛИТКОМ;1;;Антрацит;1100
1191;"Колосник РУ-2";300х200;0;ЛИТКОМ;1;;Антрацит;1280
1192;"Колосник РУ-4";400-200;0;ЛИТКОМ;3;;Антрацит;2022
1193;"Сэндвич труба 1м. Ф150";150-210;0;"ООО Универсал";2;;Нержавейка;3588
1194;"Сэндвич труба 1м. Ф200";"200 - 280";0;"ООО Универсал";2;;Нержавейка;5728
1195;"Дверь поддувальная ДП - 236";"Размер под закладку 275 - 140";0;Везувий;2,7;;Антрацит;4640
1196;"Дверь поддувальная ДП - 2 В";"Размер под кладку 250-140";0;Везувий;2,4;;Антрацит;2310
1197;"Дверь поддувальная ДПу - 2Б ,,Кельты,,";"Размер под кладку 250-140";0;ЛИТКОМ;2,7;;Чёрный;2420
1198;Старт-сэндвич;;0;"ООО Универсал";1;;Нержавейка;1433
1199;Хомут;;0;"ООО Универсал";0,5;;Нержавейка;242
1200;"Сэндвич труба 0,5 м.";;0;"ООО Универсал";1;;Нержавейка;2533
1201;Сэндвич-колено;;0;"ООО Универсал";2;;Нержавейка;2478
1202;Дымоход;;0;"ООО Универсал";1;;Нержавейка;1770
1203;Колено;;0;"ООО Универсал";1;;Нержавейка;1217
1204;"Потолочно -  проходной узел";;0;"ООО Универсал";2;;Нержавейка;7715
1205;"Конденсатоотвод для сэндвича";;0;"ООО Универсал";0,5;;Нержавейка;627
1206;"Площадка монтажная";;0;"ООО Универсал";0,5;;Нержавейка;2139
1207;"Экран защитный";;0;"ООО Универсал";0,5;;Нержавейка;1074
1208;Юбка;;0;"ООО Универсал";0,2;;Нержавейка;825
1209;"Термостойкая эмаль";;0;"ООО Универсал";0;;Чёрный;388
1210;"Дверь прочистная ДПр-235";"Размер под кладку 130-130";0;Везувий;1;;Чёрный;2180
1211;"Дверь прочистная ДПр-5 ,,Кайма,,";"Размер под закладку 130 - 70";0;ЛИТКОМ;1;;"Без цвета";923
