1;Боровичи кирпич рядовой полнотелый с фаской ;250/120/65;400;Боровичский КСМ;3,6;200;;18
2;Баварская кладка;250/120/65;480;Пятый элемент;2;175-250;;29,5
3;Рябово кирпич рядовой одинарный  полнотелый М-250;250/120/65;240;;4;250;;21
4;Кирпич керамический пустотелый лицевой Коричневый Воротынск 1 НФ;250/120/65;480;Воротынский кирпич;2;150;Коричневый;20,6
5;Кирпич керамический пустотелый лицевой Солома Воротынск 1 НФ;250/120/65;480;;2;150;Бежевый;19
6;Кирпич керамический пустотелый лицевой Красный Воротынск 1 НФ;250/120/65;480;Воротынский кирпич;2;150;Красный;13
7;Кирпич керамический пустотелый лицевой Персик Воротынск 1 НФ;250/120/65;480;Воротынский кирпич;2;150;;16,5
8;Кирпич керамический пустотелый лицевой Терракот Воротынск 1 НФ;250/120/65;480;Воротынский кирпич;2;150;;21
9;Кирпич керамический пустотелый лицевой Терракот Воротынск 1,4  НФ;250/120/88;352;Воротынский кирпич;3;150;;27,5
10;Кирпич керамический пустотелый лицевой Красный Воротынск 1,4  НФ;250/120/88;352;Воротынский кирпич;3;150;Красный;17
11;Гжельский кирпич  одинарный полнотелый М-300;250/120/65;360;Гжельский КЗ;4;300;;48
12;Вологда кирпич рядовой строительный полнотелый М 150;250/120/65;300;Вологодский кирпичный завод;3;150;;12
13;Новгород Кирпич рядовой строительный полнотелый М 150;250/120/65;300;Новгородский кирпичный завод - «КСМ»;3;150;Красный;14,5
14;Кирпич огнеупорный Боровичи ШБ 8 ;250/120/65;279;Боровичский комбинат огнеупоров;4;ШБ 8 до 1730 С;;50
15;Камень керамический пустотелый 2,1 НФ Глинвич;250/120/140;224;;4;250;;17
16;Кирпич керамический пустотелый рядовой полуторный 1,4 НФ Глинвич;250/120/88;264;;3;150;Красный;14,5
18;Кирпич керамический пустотелый лицевой Солома Голицыно 1НФ;250/120/65;279;Голицынский КЗ;2;175;;19,8
19;Кирпич огнеупорный Боровичи ШБ 48;250/120/65;324;Боровичский комбинат огнеупоров;3;ШБ 48 до 1730 С;Красный;55
20;Кирпич керамический пустотелый лицевой Абрикос Голицыно 1 НФ;250/120/65;416;Голицынский КЗ;2;175;Красный;18,5
21;Кирпич керамический пустотелый лицевой Абрикос Голицыно 1,4 НФ;250/120/88;195;Голицынский КЗ;3;175;Красный;23,1
22;Кирпич керамический пустотелый лицевой Абрикос Голицыно ИК-2;250/60/65;552;Голицынский КЗ;1;125;Красный;13,8
23;Кирпич керамический пустотелый лицевой Абрикос Голицыно Евро;250/85/65;395;Голицынский КЗ;1,91;150;Красный;15,7
24;Кирпич керамический пустотелый лицевой Абрикос Береста Голицыно 1 НФ;250/120/65;312;Голицынский КЗ;2;150-175;;0
25;Кирпич керамический пустотелый лицевой Абрикос ФЛ-1 Голицыно;250/120/65;0;Голицынский КЗ;2;125;;0
26;Кирпич керамический пустотелый лицевой Абрикос ФЛ-2 Голицыно;250/120/65;416;Голицынский КЗ;2;125;;0
27;Кирпич керамический пустотелый лицевой Абрикос ФЛ-10 Голицыно;250/120/65;416;Голицынский КЗ;2;125;;0
28;Кирпич керамический пустотелый лицевой Абрикос ФЛ-11 Голицыно;250/120/65;416;Голицынский КЗ;2;125;;0
29;Кирпич керамический пустотелый лицевой Абрикос ФЛ-12 Голицыно;250/120/65;416;Голицынский КЗ;2;125;Красный;24,5
30;Кирпич керамический пустотелый лицевой Слоновая кость Голицыно ИК-2;250/60/65;780;Голицынский КЗ;1;125;Белый;17,5
31;Кирпич керамический пустотелый лицевой Слоновая кость Голицыно Евро;250/85/65;572;Голицынский КЗ;1;150;Белый;20,9
32;Кирпич керамический пустотелый лицевой Слоновая кость Голицыно  1 НФ;250/120/65;416;Голицынский КЗ;2,14;175;Белый;22,4
33;Кирпич керамический пустотелый лицевой Слоновая кость Голицыно  1,4 НФ;250/120/88;440;Голицынский КЗ;3;175;Белый;28,9
34;Кирпич керамический пустотелый лицевой Слоновая кость Береста Голицыно  1 НФ;250/120/65;312;Голицынский КЗ;2;150;;0
35;Кирпич керамический пустотелый лицевой Слоновая кость  Голицыно  ФЛ-1;250/120/65;0;Голицынский КЗ;2;125;;0
36;Кирпич керамический пустотелый лицевой Слоновая кость Голицыно ФЛ-2;250/120/65;416;Голицынский КЗ;2;125;;0
37;Кирпич керамический пустотелый лицевой Слоновая кость Голицыно ФЛ-10;250/120/65;416;Голицынский КЗ;2;125;;0
38;Кирпич керамический пустотелый лицевой Слоновая кость Голицыно ФЛ-11;250/120/65;416;Голицынский КЗ;2;125;;0
39;Кирпич керамический пустотелый лицевой Слоновая кость Голицыно ФЛ-12;250/120/65;416;Голицынский КЗ;2;125;;0
40;Кирпич керамический пустотелый лицевой Слоновая кость Пробка  Голицыно 1НФ;250/120/65;0;Голицынский КЗ;2;150;;0
41;Кирпич керамический пустотелый лицевой Терракот Голицыно ИК-2;250/60/65;780;Голицынский КЗ;1;125;;16,2
42;Кирпич керамический пустотелый лицевой Терракот Голицыно Евро;250/85/65;395;Голицынский КЗ;1;150;;17,2
43;Кирпич керамический пустотелый лицевой Терракот Голицыно 1 НФ;250/120/65;279;Голицынский КЗ;2;175;;20,4
44;Кирпич керамический пустотелый лицевой Терракот Голицыно 1,4 НФ;250/120/88;195;Голицынский КЗ;3;175;;26,9
45;Кирпич керамический пустотелый лицевой Терракот Береста Голицыно 1 НФ;250/120/65;312;Голицынский КЗ;2;150-175;;0
46;Кирпич керамический пустотелый лицевой Терракот Руст Голицыно 1 НФ;250/120/65;279;Голицынский КЗ;3;150-175;;0
47;Кирпич керамический пустотелый лицевой Терракот Голицыно ФЛ-1;250/120/65;0;Голицынский КЗ;2,56;125;;0
48;Кирпич керамический пустотелый лицевой Терракот Голицыно ФЛ-2;250/120/65;416;Голицынский КЗ;2;125;;0
49;Кирпич керамический пустотелый лицевой Терракот Голицыно ФЛ-10;250/120/65;416;Голицынский КЗ;2;125;;0
50;Кирпич керамический пустотелый лицевой Терракот Голицыно ФЛ-11;250/120/65;416;Голицынский КЗ;2;125;;0
51;Кирпич керамический пустотелый лицевой Терракот Голицыно ФЛ-12;250/120/65;416;Голицынский КЗ;2;125;;0
52;Кирпич керамический пустотелый лицевой Корица Голицыно 1 НФ;250/120/65;279;Голицынский КЗ;2;175;;18,5
53;Кирпич керамический пустотелый лицевой Солома Голицыно ИК-2;250/60/65;780;Голицынский КЗ;1;125;;0
54;Кирпич керамический пустотелый лицевой Солома Голицыно Евро;250/85/65;572;Голицынский КЗ;1;150;;0
55;Кирпич керамический пустотелый лицевой Солома Голицыно 1,4НФ;250/120/88;195;Голицынский КЗ;3;175;;25,9
56;Кирпич керамический пустотелый лицевой Солома Береста Голицыно 1 НФ;250/120/65;312;Голицынский КЗ;2;150;;0
57;Кирпич керамический пустотелый лицевой Солома Голицыно ФЛ-1;250/120/65;0;Голицынский КЗ;2;125;;0
58;Кирпич керамический пустотелый лицевой Солома Голицыно ФЛ-2;250/120/65;416;Голицынский КЗ;2;125;;0
59;Кирпич керамический пустотелый лицевой Солома Голицыно ФЛ-11;250/120/65;416;Голицынский КЗ;2;125;;0
60;Кирпич керамический пустотелый лицевой Солома Голицыно ФЛ-12;250/120/65;416;Голицынский КЗ;2;125;;0
61;Кирпич керамический пустотелый лицевой Темный терракот  Голицыно ИК-2;250/60/65;780;Голицынский КЗ;1;125;;18,7
62;Кирпич керамический пустотелый лицевой Темный терракот Голицыно Евро;250/85/65;572;Голицынский КЗ;1;150;;20,5
63;Кирпич керамический пустотелый лицевой Темный терракот Голицыно 1НФ;250/120/65;279;Голицынский КЗ;2;175;;23,9
64;Кирпич керамический пустотелый лицевой Темный терракот Береста Голицыно 1НФ;250/120/65;312;Голицынский КЗ;2;150-175;;0
65;Кирпич керамический пустотелый лицевой Темный терракот Голицыно ФЛ-1;250/120/65;0;Голицынский КЗ;2;125;;0
66;Кирпич керамический пустотелый лицевой Темный терракот Голицыно ФЛ-2;250/120/65;416;Голицынский КЗ;2;125;;0
67;Кирпич керамический пустотелый лицевой Темный терракот Голицыно ФЛ-10;250/120/65;416;Голицынский КЗ;2;125;;0
68;Кирпич керамический пустотелый лицевой Темный терракот Голицыно ФЛ-11;250/120/65;416;Голицынский КЗ;2;125;;0
69;;250/120/65;0;Голицынский КЗ;0;125;;0
70;Кирпич керамический пустотелый лицевой Коричневый Голицыно ИК-2;250/60/65;780;Голицынский КЗ;1;125;;16,1
71;Кирпич керамический пустотелый лицевой Коричневый Голицыно Евро;250/85/65;395;Голицынский КЗ;1;150;;20
72;Кирпич керамический пустотелый лицевой Коричневый Голицыно 1 НФ;250/120/65;279;Голицынский КЗ;2;175;;22,6
73;Кирпич керамический пустотелый лицевой Коричневый Береста Голицыно 1 НФ;250/120/65;312;Голицынский КЗ;2;150-175;;0
74;Кирпич керамический пустотелый лицевой Коричневый Руст Голицыно 1 НФ;250/120/65;279;Голицынский КЗ;3;150-175;;0
75;Кирпич керамический пустотелый лицевой Коричневый  Голицыно ФЛ-1;250/120/65;0;Голицынский КЗ;2;125;;0
76;Кирпич керамический пустотелый лицевой Коричневый  Голицыно ФЛ-2;250/120/65;416;Голицынский КЗ;2;125;;0
77;Кирпич керамический пустотелый лицевой Коричневый  Голицыно ФЛ-10;250/120/65;416;Голицынский КЗ;2;125;;0
78;Кирпич керамический пустотелый лицевой Коричневый  Голицыно ФЛ-11;250/120/65;416;Голицынский КЗ;2;125;;0
79;Кирпич керамический пустотелый лицевой Коричневый  Голицыно ФЛ-12;250/120/65;416;;2;125;Коричневый;0
80;Кирпич керамический пустотелый лицевой Бавария РИФ Голицыно 1 НФ;250/120/65;600;Голицынский КЗ;2;300;;17,3
81;Кирпич керамический пустотелый лицевой Темно-красный Винтаж Голицыно 1 НФ;250/120/65;416;Голицынский КЗ;2;150-175;;0
82;Камень керамический поризованный 2,1НФ Гжель;250/120/138;280;Гжельский КЗ;3;150-200;;22,3
83;Блок крупноформатный поризованный 10,7 НФ Гжель;250/380/219;60;Гжельский КЗ;12;100-150;;97,5
84;Блок крупноформатный поризованный 11,2 НФ Гжель;398/250/219;60;Гжельский КЗ;16;100-150;;114,1
85;Блок крупноформатный поризованный 12,3 НФ Гжель;440/250/219;48;Гжельский КЗ;18;100-150;;0
86;Блок крупноформатный поризованный 9 НФ Гжель;400/200/219;0;Гжельский КЗ;0;100-150;;98,6
87;Блок крупноформатный поризованный 12,3 НФ Гжель;440/250/219;48;Гжельский КЗ;18;100-150;;121,6
88;Кирпич керамический пустотелый лицевой Красный Воротынск Евро;250/85/65;484;Воротынский кирпич;1;125,150,200;Красный;0
89;Кирпич керамический пустотелый лицевой Солома Воротынск 1,4 НФ;250/120/88;352;Воротынский кирпич;3;125,150,200;;24,5
90;Кирпич керамический пустотелый лицевой Слоновая кость Норский КЗ 1 НФ;250/120/65;420;Норский КЗ;2;150;;13
91;Кирпич керамический пустотелый лицевой Персик Воротынск 1,4 НФ;250/120/88;352;;3;125,150,200;Бежевый;22
92;"Кирпич керамический пустотелый лицевой Красный ""Панцирь черепахи""  Воротынск 1 НФ";250/120/65;480;Воротынский кирпич;2;125,150,200;Красный;0
93;"Кирпич керамический пустотелый лицевой Красный ""Панцирь черепахи""  Воротынск 1,4 НФ";250/120/88;352;Воротынский кирпич;3;125,150,200;Красный;0
94;"Кирпич керамический пустотелый лицевой Терракот ""Тростник""  Воротынск 1,4 НФ";250/120/88;352;Воротынский кирпич;3;125,150,200;;0
95;Кирпич керамический пустотелый лицевой Коричневый Воротынск 1,4 НФ;250/120/88;352;Воротынский кирпич;3;125,150,200;;0
96;Воротынск кирпич рядовой строительный полнотелый М 100, 125;250/120/65;420;Воротынский кирпич;3;100, 125;;0
97;Камень керамический пустотелый 2,1 НФ Воротыск;250/120/140;224;Воротынский кирпич;4;150;;0
98;Кирпич керамический пустотелый лицевой Красный Гжельский КЗ 1 НФ;250/120/65;480;Гжельский КЗ;2;175-200;Красный;16,8
99;Кирпич керамический пустотелый лицевой Терракот Гжельский КЗ 1 НФ;250/120/65;480;Гжельский КЗ;2;175-200;;20
100;Кирпич керамический пустотелый лицевой Светло-коричневый Гжельский КЗ 1 НФ;250/120/65;480;Гжельский КЗ;2;175-200;;21,5
101;Кирпич керамический пустотелый лицевой Коричневый Гжельский КЗ 1 НФ;250/120/65;480;Гжельский КЗ;2;175-200;;25,8
102;Кирпич керамический пустотелый лицевой Темно-коричневый Гжельский КЗ 1 НФ;250/120/65;480;Гжельский КЗ;2;175-200;;28,5
103;Кирпич керамический пустотелый лицевой Руст Гжельский КЗ 1 НФ;250/120/65;420;Гжельский КЗ;2;175-200;;0
104;Кирпич керамический пустотелый лицевой Красный Гжельский КЗ Евро;250/85/65;720;Гжельский КЗ;1;175-200;Красный;15,4
105;Смесь печная (СЭВ);250/120/65;0;СЭВ;0;150;Красный;250
106;Огнеупорная печная смесь (СЭВ);250/120/65;0;СЭВ;0;150;Красный;250
107;Глина печная молотая (красная) (СЭВ);250/120/65;0;СЭВ;0;150;Красный;350
108;Штукатурка печная (СЭВ);250/120/65;0;СЭВ;0;150;Красный;250
109;Смесь печная для наружных работ (СЭВ);250/120/65;0;СЭВ;0;150;Красный;250
110;Мертель (СЭВ);250/120/65;0;СЭВ;0;150;Красный;360
111;Глина печная огнеупорная (СЭВ);250/120/65;0;СЭВ;0;150;Красный;350
112;Кирпич керамический пустотелый лицевой Терракот Гжельский КЗ Евро;250/85/65;720;Гжельский КЗ;1;175-200;;18,3
113;Кирпич керамический пустотелый лицевой Коричневый Гжельский КЗ Евро;250/85/65;720;Гжельский КЗ;1;175-200;;22,45
114;Кирпич керамический пустотелый лицевой Темно-коричневый Гжельский КЗ Евро;250/85/65;720;Гжельский КЗ;1;175-200;;24,5
115;Кирпич керамический пустотелый лицевой Красный Бархат Гжельский КЗ Евро;250/85/65;720;Гжельский КЗ;1;175-200;Красный;16
116;Кирпич керамический пустотелый лицевой Терракот Бархат Гжельский КЗ Евро;250/85/65;720;Гжельский КЗ;1;175-200;;19
117;Кирпич керамический пустотелый лицевой Темно-коричневый Бархат Гжельский КЗ Евро;250/85/65;720;Гжельский КЗ;1;175-200;;25,5
118;Кирпич керамический пустотелый лицевой Красный Гжельский КЗ 1,4 НФ;250/120/88;352;Гжельский КЗ;3;175-200;Красный;21,3
119;Кирпич керамический пустотелый лицевой Светло-коричневый Гжельский КЗ 1,4 НФ;250/120/88;352;Гжельский КЗ;3;175-200;;29
120;Кирпич керамический пустотелый лицевой Коричневый Гжельский КЗ 1,4 НФ;250/120/88;352;Гжельский КЗ;3;175-200;;0
121;Кирпич керамический пустотелый лицевой Темно-коричневый Гжельский КЗ 1,4 НФ;250/120/88;352;Гжельский КЗ;3;175-200;;0
122;Кирпич керамический пустотелый лицевой Мокрый асфальт Гжельский КЗ 1,4 НФ;250/120/88;352;Гжельский КЗ;3;175-200;Серый;0
123;Кирпич керамический пустотелый лицевой Слоновая кость Норский КЗ 1,4 НФ;250/120/88;330;Норский КЗ;2,8;150;;17,3
124;Кирпич керамический пустотелый лицевой Коричневый Норский КЗ 1 НФ;250/120/65;420;Норский КЗ;2;150;;0
125;Кирпич керамический пустотелый лицевой Коричневый Норский КЗ 1,4 НФ;250/120/88;330;Норский КЗ;3;150;;0
126;Кирпич керамический пустотелый лицевой Абрикос Норский КЗ 1НФ;250/120/65;420;Норский КЗ;2;150;;13
127;Кирпич керамический пустотелый лицевой Абрикос Норский КЗ 1.4НФ;250/120/88;330;Норский КЗ;3;150;;17,3
128;Кирпич  полнотелый рядовой с рифлеными гранями Норский КЗ 1НФ;250/120/65;420;Норский КЗ;3;250;;0
129;Кирпич  полнотелый рядовой  Норский КЗ 1НФ;250/120/65;468;Норский КЗ;3;200,25;;11,2
130;Камень керамический пустотелый 2,1 НФ Норский КЗ;250/120/138;252;Норский КЗ;3;150,125;;14,6
131;Кирпич керамический пустотелый лицевой Красный Керма 1 НФ;250/120/65;444;Керма КЗ;2;150;Красный;13,5
132;Кирпич керамический пустотелый лицевой Красный Керма 1,4 НФ;250/120/88;348;Керма КЗ;2;150;Красный;17,6
133;Кирпич керамический пустотелый лицевой Красный Керма 0,7 НФ;250/85/65;556;Керма КЗ;1;150;Красный;0
134;Кирпич керамический пустотелый лицевой Красный Бархат Керма 0,7 НФ;250/85/65;556;Керма КЗ;1;150;Красный;0
135;Кирпич керамический пустотелый лицевой Красный Бархат Керма 1 НФ;250/120/65;444;Керма КЗ;2;150;Красный;14
136;Кирпич керамический пустотелый лицевой Красный Бархат Керма 1,4 НФ;250/120/88;348;Керма КЗ;2;150;Красный;18,5
137;Кирпич керамический пустотелый лицевой Шоколад Керма 1,4 НФ;250/120/88;348;Керма КЗ;2;150;;26,1
138;Кирпич керамический пустотелый лицевой Терракот Керма 1 НФ;250/120/65;444;Керма КЗ;2;150;;19
139;Кирпич керамический пустотелый лицевой Шоколад Бархат Керма 0,7 НФ;250/85/65;560;Керма КЗ;1;150;;0
140;Кирпич керамический пустотелый лицевой Бордо Керма 1 НФ;250/120/65;444;Керма КЗ;2;150;Красный;19
141;Кирпич керамический пустотелый лицевой Бордо Керма 1,4 НФ;250/120/88;348;Керма КЗ;2;150;Красный;22.июл
142;Кирпич керамический пустотелый лицевой Бордо Бархат Керма 1 НФ;250/120/65;444;Керма КЗ;2;150;Красный;18,1
143;Кирпич керамический пустотелый лицевой Терракот Бархат Керма 1 НФ;250/120/65;444;Керма КЗ;2;150;;20,6
144;Кирпич керамический пустотелый лицевой Бордо Бархат Керма 0,7 НФ;250/85/65;556;Керма КЗ;1,7;150;Красный;0
146;Кирпич керамический пустотелый лицевой Пшеничное лето Керма 1 НФ;250/120/65;444;Керма КЗ;2;150;Белый;17
147;Кирпич керамический пустотелый лицевой Пшеничное лето Керма 1,4 НФ;250/120/88;348;Керма КЗ;2;150;Белый;22
148;Кирпич керамический пустотелый лицевой Пшеничное лето Бархат Керма 0,7 НФ;250/85/65;556;Керма КЗ;1;150;Белый;0
149;Кирпич керамический пустотелый лицевой Персик ВВКЗ 1 НФ;250/120/65;480;BBK3 - Верхневолжский кирпичный завод;2;200;;10
150;Кирпич керамический пустотелый лицевой Персик ВВКЗ 1,4 НФ;250/120/88;352;BBK3 - Верхневолжский кирпичный завод;3;200;;13
151;Кирпич керамический пустотелый лицевой Жемчуг (Слоновая кость) ВВКЗ 1 НФ;250/120/65;480;BBK3 - Верхневолжский кирпичный завод;2,23;200;;0
152;Кирпич керамический пустотелый лицевой Жемчуг (Слоновая кость) ВВКЗ 1,4 НФ;250/120/88;352;BBK3 - Верхневолжский кирпичный завод;3;200;;0
153;Кирпич керамический пустотелый лицевой Шоколад ВВКЗ 1 НФ;250/120/65;480;BBK3 - Верхневолжский кирпичный завод;2;200;;17
154;Кирпич керамический пустотелый лицевой Шоколад ВВКЗ 1,4 НФ;250/120/88;352;BBK3 - Верхневолжский кирпичный завод;3;200;;22
155;Камень керамический пустотелый 2,1 НФ ВВКЗ;250/120/140;224;BBK3 - Верхневолжский кирпичный завод;4;200;;0
156;Камень керамический пустотелый 2,1 НФ ВВКЗ;250/120/140;224;BBK3 - Верхневолжский кирпичный завод;4;150;;17
157;Блок крупноформатный поризованный 10,8 НФ ВВКЗ;380/250/219;40;BBK3 - Верхневолжский кирпичный завод;17;150;Красный;0
158;Блок крупноформатный поризованный 14,3 НФ ВВКЗ;510/250/219;30;BBK3 - Верхневолжский кирпичный завод;23;150;Красный;0
159;Цемент М 400 пр-во Пикалево;;0;;0;;;280
160;БСМ-0,50 ЭКО;;0;ЭКО - завод строительных материалов;0;;;0
161;БСМ-0,75 ЭКО;;0;ЭКО - завод строительных материалов;0;;;0
162;БСМ-0,8 ЭКО;;0;ЭКО - завод строительных материалов;0;;;0
163;БСМ-1 ЭКО;;0;ЭКО - завод строительных материалов;0;;;0
164;БСМ-1,25 ЭКО;;0;ЭКО - завод строительных материалов;0;;;0
165;БСМ-1,5 ЭКО;;0;ЭКО - завод строительных материалов;0;;;0
166;БСМ-2 ЭКО;;0;ЭКО - завод строительных материалов;0;;;0
167;БСМ-2,5 ЭКО;;0;ЭКО - завод строительных материалов;0;;;0
168;БСМ-3 ЭКО;;0;ЭКО - завод строительных материалов;0;;;0
169;БСМ-3,5 ЭКО;;0;ЭКО - завод строительных материалов;0;;;0
170;БСМ-3,75 ЭКО;;0;ЭКО - завод строительных материалов;0;;;0
171;БСМ-4 ЭКО;;0;ЭКО - завод строительных материалов;0;;;0
172;БСМ-5 ЭКО;;0;ЭКО - завод строительных материалов;0;;;0
174;БСМ-2 Thermocube;;0;Thermocube (Термокуб);0;;;0
178;БСМ-1 Thermocube;;0;Thermocube (Термокуб);0;;;0
179;БСМ-1,25 Thermocube;;0;Thermocube (Термокуб);0;;;0
180;БСМ-1,5 Thermocube;;0;Thermocube (Термокуб);0;;;0
181;БСМ-2,5 Thermocube;;0;Thermocube (Термокуб);0;;;0
182;БСМ-3 Thermocube;;0;Thermocube (Термокуб);0;;;0
183;БСМ-3,75 Thermocube;;0;Thermocube (Термокуб);0;;;0
184;БСМ-4 Thermocube;;0;Thermocube (Термокуб);0;;;0
185;БСМ-5 Thermocube;;0;Thermocube (Термокуб);0;;;0
190;БСМ-3 КСЗ;;0;Костромской Силикатный Завод «КСЗ»;0;;;0
191;БСМ-2 КСЗ;;0;Костромской Силикатный Завод «КСЗ»;0;;;0
192;БСМ-4 КСЗ;;0;Костромской Силикатный Завод «КСЗ»;0;;;0
196;КТтрон-10 1К  (Однокомпонентная эластичная гидроизоляция);;0;;0;;;0
217;Кирпич керамический пустотелый лицевой Красный Рязанский КЗ 1 НФ ;250/120/65;480;Рязанский КЗ;2;150;Красный;13
218;Кирпич керамический пустотелый лицевой Красный Руст Рязанский КЗ 1 НФ;250/120/65;480;Рязанский КЗ;2;150;Красный;14
219;Кирпич керамический пустотелый лицевой Коричневый Рязанский КЗ 1 НФ;250/120/65;480;Рязанский КЗ;2;150;;19,7
220;Кирпич керамический пустотелый лицевой Терракот Рязанский КЗ 1 НФ;250/120/65;480;Рязанский КЗ;2;150;;19,7
221;Кирпич керамический пустотелый лицевой Коричневый Руст Рязанский КЗ 1 НФ;250/120/65;480;Рязанский КЗ;2;150;;21,2
222;Кирпич керамический пустотелый лицевой Красный Рязанский КЗ 1,4 НФ;250/120/88;352;Рязанский КЗ;3;150;Красный;17,7
223;Кирпич керамический пустотелый лицевой Красный Руст Рязанский КЗ 1,4 НФ;250/120/88;352;Рязанский КЗ;3;150;Красный;18,7
224;Кирпич керамический пустотелый лицевой Коричневый Рязанский КЗ 1,4 НФ;250/120/88;352;;3;150;Красный;26,7
225;Кирпич керамический пустотелый лицевой Терракот Рязанский КЗ 1,4 НФ;250/120/88;352;Рязанский КЗ;3;150;;26,7
226;Кирпич керамический пустотелый лицевой Коричневый Руст Рязанский КЗ 1,4 НФ;250/120/88;352;Рязанский КЗ;3;150;;27,6
227;Юрьев-Польский кирпич рядовой строительный полнотелый М 125;250/120/65;250;;3;125;;0
229;Кирпич керамический пустотелый лицевой Белый RAUF 1 НФ;250/120/65;480;ЛСР-Стеновые;2;150-175;Белый;0
230;Кирпич фасонный керамический пустотелый  Голицыно ;250/120/65;416;Голицынский КЗ;2;175;;0
231;Кирпич керамический пустотелый с фактурной поверхностью Голицыно;в ассортименте;416;Голицынский КЗ;2;175;;0
232;Иваново кирпич полуторный рядовой  полнотелый М 125;250/120/88;352;;3,9;125;;19,7
233;Воротынск цвет красный + терракот;;0;;0;;;0
234;Камень керамический пустотелый 2,1 НФ Петрокерамика;250/120/140;216;;3,9;М 150;;0
235;Кирпич керамический пустотелый лицевой Красный Железногорск 1 НФ;250/120/65;480;Железногорский КЗ;2;150-200;Красный;16,3
236;Кирпич керамический пустотелый лицевой Красный Железногорск 1,4 НФ;250/120/88;352;Железногорский КЗ;3;150-200;Красный;22,4
237;Кирпич керамический пустотелый лицевой Красный Железногорск 0,7 НФ;250/85/65;660;Железногорский КЗ;1;150-200;Красный;13,2
238;Кирпич керамический пустотелый лицевой Красный Бархат Железногорск 1 НФ;250/120/65;480;Железногорский КЗ;2;150-200;Красный;17,3
239;Кирпич керамический пустотелый лицевой Красный Бархат Железногорск 1,4 НФ;250/120/88;352;Железногорский КЗ;3;150-200;Красный;23,8
240;Кирпич керамический пустотелый лицевой Красный Бархат Железногорск 0,7 НФ;250/85/65;660;Железногорский КЗ;1;150-200;Красный;14,1
241;Кирпич керамический пустотелый лицевой Солома Железногорск 1 НФ;250/120/65;480;Железногорский КЗ;2;150-200;;21,9
242;Кирпич керамический пустотелый лицевой Солома Железногорск 1,4 НФ;250/120/88;352;Железногорский КЗ;3;150-200;;30
243;Кирпич керамический пустотелый лицевой Солома Железногорск 0,7 НФ;250/85/65;660;Железногорский КЗ;1;150-200;;18,1
244;Кирпич керамический пустотелый лицевой Солома Бархат Железногорск 1 НФ;250/120/65;480;Железногорский КЗ;2;150-200;;22,9
246;Кирпич керамический пустотелый лицевой Солома Бархат Железногорск 1,4 НФ;250/120/88;352;Железногорский КЗ;3;150-200;;31,4
247;Кирпич керамический пустотелый лицевой Солома Бархат Железногорск 0,7 НФ;250/85/65;660;Железногорский КЗ;1;150-200;;18,8
248;Кирпич керамический пустотелый лицевой Словая кость Железногорск 1 НФ;250/120/65;480;Железногорский КЗ;2;150-200;;25,7
249;Кирпич керамический пустотелый лицевой Словая кость Железногорск 1,4 НФ;250/120/88;352;Железногорский КЗ;3;150-200;;35,2
250;Кирпич керамический пустотелый лицевой Словая кость Железногорск 0,7 НФ;250/85/65;660;Железногорский КЗ;1;150-200;;21,2
251;Кирпич керамический пустотелый лицевой Словая кость Бархат Железногорск 1 НФ;250/120/65;480;Железногорский КЗ;2;150-200;;26,6
252;Кирпич керамический пустотелый лицевой Словая кость Бархат Железногорск 1,4 НФ;250/120/88;352;Железногорский КЗ;3;150-200;Красный;36,4
254;Кирпич керамический пустотелый лицевой Темно-коричневый Железногорск 1 НФ;250/120/65;480;Железногорский КЗ;2;150-200;;23,9
255;"Рязань  красный одинарный полнотелый ""Черепашка""";250/120/65;336;Рязанский КЗ;3,2;250;;26
256;S300DF;SKF 240 x 52 x 52;0;Feldhaus Klinker (Фельдхаус клинкер);0;1100;;0
257;Кирпич керамический пустотелый лицевой Темно-коричневый Бархат Железногорск 1 НФ;250/120/65;480;;2;150-200;Красный;24,8
258;Кирпич керамический пустотелый лицевой Темно-коричневый Железногорск 1,4 НФ;250/120/88;352;Железногорский КЗ;3;150-200;;32,7
259;Кирпич керамический пустотелый лицевой Темно-коричневый Железногорск 0,7 НФ;250/85/65;660;Железногорский КЗ;1;150-200;;19,6
260;S335DF;SKF 240 x 52 x 52;0;Feldhaus Klinker (Фельдхаус клинкер);0;1100;;0
261;S440DF;240 x 52 x 52;0;Feldhaus Klinker (Фельдхаус клинкер);0;1100;;0
262;Кирпич керамический пустотелый лицевой Темно-коричневый Бархат Железногорск 1,4 НФ;250/120/88;352;;3;150-200;Красный;33,9
263;Кирпич керамический пустотелый лицевой Темно-коричневый Бархат Железногорск 0,7 НФ;250/85/65;660;;1;150-200;Коричневый;20,5
264;Кирпич керамический пустотелый лицевой Серый Железногорск 1 НФ;250/120/65;480;Железногорский КЗ;2;150-200;Серый;27,9
265;Кирпич керамический пустотелый лицевой Серый Железногорск 1,4 НФ;250/120/88;352;;3;150-200;Серый;38,24
266;K385 NF90;NF90 240 х 90x71;0;Feldhaus Klinker (Фельдхаус клинкер);0;1100;;0
267;K364 NF90;240 x 90 x 71;0;Feldhaus Klinker (Фельдхаус клинкер);0;1100;;0
268;Кирпич керамический пустотелый лицевой Красный фасонный КФ 1,2,3,5 Железногорск 1 НФ;250/120/65;480;Железногорский КЗ;2;150-200;Красный;19,7
269;K300 NF90;240 x 90 x 71;0;Feldhaus Klinker (Фельдхаус клинкер);0;1100;;0
270;Кирпич керамический пустотелый лицевой Красный фасонный КФ 1,2,3,5 Железногорск 1,4 НФ;250/120/88;352;Железногорский КЗ;3;150-200;Красный;26,1
271;K328 NF90;240 x 90 x 71;0;Feldhaus Klinker (Фельдхаус клинкер);0;1100;;0
272;Кирпич керамический пустотелый лицевой Солома фасонный КФ 1,2,3,5 Железногорск 1 НФ;250/120/65;480;;2;150-200;Красный;25,4
273;Кирпич керамический пустотелый лицевой Солома фасонный КФ 1,2,3,5 Железногорск 1,4 НФ;250/120/88;352;;3;150-200;Красный;33,8
274;Кирпич керамический пустотелый лицевой Слоновая кость фасонный КФ 1,2,3,5 Железногорск 1 НФ;250/120/65;480;Железногорский КЗ;2;150-200;;27,5
275;Кирпич керамический пустотелый лицевой Слоновая кость фасонный КФ 1,2,3,5 Железногорск 1,4 НФ;250/120/88;352;Железногорский КЗ;3;150-200;;36,7
276;Кирпич керамический пустотелый лицевой Темно-коричневый фасонный КФ 1,2,3,5 Железногорск 1 НФ;250/120/65;480;Железногорский КЗ;2;150-200;Красный;26,4
277;Кирпич керамический пустотелый лицевой Темно-коричневый фасонный КФ 1,2,3,5 Железногорск 1,4 НФ;250/120/88;352;Железногорский КЗ;3;150-200;;35,2
278;Кирпич керамический пустотелый лицевой Красный ОСМБТ 1 НФ;250/120/65;480;ООО «ОСМиБТ»;2;150-200;Красный;18,8
279;K 335 NF90;NF90 240 х 90x71;0;Feldhaus Klinker (Фельдхаус клинкер);0;1100;;0
280;K 377;NF90 240 х 90x71;0;;0;1100;Многоцветные;0
281;К 685 WDF;WDF 215x102x65;0;;0;1100;Многоцветные;0
282;K686WDF;WDF 215x102x65;0;;0;1100;Многоцветные;0
283;K 690 WDF;WDF 215x102x65;0;;0;1100;Многоцветные;0
284;P203SKF;SKF 200x100x40;0;Feldhaus Klinker (Фельдхаус клинкер);0;1100;;0
285;S400DF;240 x 52 x 52;0;Feldhaus Klinker (Фельдхаус клинкер);0;1100;;0
286;K366 NF90;NF90 240 х 90x71;0;Feldhaus Klinker (Фельдхаус клинкер);0;1100;;0
287;K500NF90;NF90 240 х 90x71;0;Feldhaus Klinker (Фельдхаус клинкер);0;1100;;0
288;K535NF90;NF90 240 х 90x71;0;Feldhaus Klinker (Фельдхаус клинкер);0;1100;;0
289;K253 NF90;NF90 240 х 90x71;0;Feldhaus Klinker (Фельдхаус клинкер);0;1100;;0
290;Рязань  коричневый одинарный полнотелый ;250/120/65;336;Рязанский КЗ;3;250;Красный;32
291;Кирпич керамический пустотелый лицевой Красный ОСМБТ 1,4 НФ;250/120/88;352;ООО «ОСМиБТ»;3;150-200;Красный;24,7
292;K730 NF90;NF90 240 х 90x71;0;Feldhaus Klinker (Фельдхаус клинкер);0;1100;;0
293;К689 WDF;WDF 215x102x65;0;Feldhaus Klinker (Фельдхаус клинкер);0;1100;;0
294;K684WDF;WDF 215x102x65;0;Feldhaus Klinker (Фельдхаус клинкер);0;1100;;0
295;K663 WDF;WDF 215x102x65;0;Feldhaus Klinker (Фельдхаус клинкер);0;1100;;0
296;K682 WDF;WDF 215x102x65;0;Feldhaus Klinker (Фельдхаус клинкер);0;1100;;0
297;K688 WDF;WDF 215x102x65;0;Feldhaus Klinker (Фельдхаус клинкер);0;1100;;0
298;K696 WDF;WDF 215x102x65;0;Feldhaus Klinker (Фельдхаус клинкер);0;1100;;0
299;K697 WDF;WDF 215x102x65;0;Feldhaus Klinker (Фельдхаус клинкер);0;1100;;0
300;K250 RF90;RF90 - 240 х 90 х 65;0;Feldhaus Klinker (Фельдхаус клинкер);0;1100;;0
301;K253 RF90;RF90 - 240 х 90 х 65;0;Feldhaus Klinker (Фельдхаус клинкер);0;1100;;0
302;K730RF90;RF90 - 240 х 90 х 65;0;Feldhaus Klinker (Фельдхаус клинкер);0;1100;;0
303;P402SKF;SKF 200 x 100 x 40;690;Feldhaus Klinker (Фельдхаус клинкер);1;;;0
304;P402KF;KF 200 x 100 x 45;630;Feldhaus Klinker (Фельдхаус клинкер);2;;;0
305;P402KDF;KDF 100 x 100 x 52;540;Feldhaus Klinker (Фельдхаус клинкер);2;;;0
306;P402DF;DF 240 x 118 x 52;432;Feldhaus Klinker (Фельдхаус клинкер);3;;;0
307;P403SKF;SKF 200 x 100 x 40;690;Feldhaus Klinker (Фельдхаус клинкер);1,9;150;Красный;0
308;P403KF;KF 200 x 100 x 45;630;Feldhaus Klinker (Фельдхаус клинкер);2;;;0
309;P403KDF;KDF 100 x 100 x 52;540;Feldhaus Klinker (Фельдхаус клинкер);2,4;;;0
310;P403DF;DF 240 x 118 x 52;432;Feldhaus Klinker (Фельдхаус клинкер);2,4;;;0
311;P405SKF;SKF 200 x 100 x 40;690;Feldhaus Klinker (Фельдхаус клинкер);1;;;0
312;P405KF;KF 200 x 100 x 45;630;Feldhaus Klinker (Фельдхаус клинкер);2;;;0
313;P405KDF;KDF 100 x 100 x 52;540;Feldhaus Klinker (Фельдхаус клинкер);2,4;;;0
314;P405DF;DF 240 x 118 x 52;432;Feldhaus Klinker (Фельдхаус клинкер);3,45;;;0
315;P408KF;KF 200 x 100 x 45;630;Feldhaus Klinker (Фельдхаус клинкер);2;;;0
316;P408KDF;KDF 100 x 100 x 52;540;Feldhaus Klinker (Фельдхаус клинкер);2,4;;;0
317;P465KF;KF 200 x 100 x 45;630;Feldhaus Klinker (Фельдхаус клинкер);2,1;;;0
318;P465KDF;KDF 100 x 100 x 52;540;Feldhaus Klinker (Фельдхаус клинкер);2,1;;;0
319;P409SKF;SKF 200 x 100 x 40;690;Feldhaus Klinker (Фельдхаус клинкер);1,9;;;0
320;P409KF;KF 200 x 100 x 45;630;Feldhaus Klinker (Фельдхаус клинкер);2,1;;;0
321;P409KDF;KDF 100 x 100 x 52;540;Feldhaus Klinker (Фельдхаус клинкер);2,4;;;0
322;P409DF;DF 240 x 118 x 52;432;Feldhaus Klinker (Фельдхаус клинкер);3,45;;;0
323;P502SKF;KF 200 x 100 x 45;690;Feldhaus Klinker (Фельдхаус клинкер);1,9;;;0
324;P502KF;KF 200 x 100 x 45;630;Feldhaus Klinker (Фельдхаус клинкер);2,1;;;0
325;P502KDF;KDF 100 x 100 x 52;540;Feldhaus Klinker (Фельдхаус клинкер);2,4;;;0
326;P502DF;DF 240 x 118 x 52;432;Feldhaus Klinker (Фельдхаус клинкер);3,45;;;0
327;P609DF;DF 240 x 118 x 52;432;Feldhaus Klinker (Фельдхаус клинкер);3,45;;;0
328;Р609SKF;SKF 200 x 100 x 40;690;Feldhaus Klinker (Фельдхаус клинкер);1,9;;;0
329;P609KF;KF 200 x 100 x 45;540;Feldhaus Klinker (Фельдхаус клинкер);2,4;;;0
330;P609KDF;KDF 100 x 100 x 52;540;Feldhaus Klinker (Фельдхаус клинкер);2;;;0
331;P203SKF;SKF 200 x 100 x 40;690;Feldhaus Klinker (Фельдхаус клинкер);1,9;;;0
332;P203KF;KF 200 x 100 x 45;630;Feldhaus Klinker (Фельдхаус клинкер);2,1;;;0
333;P203KDF;KDF 100 x 100 x 52;540;Feldhaus Klinker (Фельдхаус клинкер);2,4;;;0
334;P203DF;DF 240 x 118 x 52;432;Feldhaus Klinker (Фельдхаус клинкер);1,9;;;0
335;P241KF;KF 200 x 100 x 45;630;Feldhaus Klinker (Фельдхаус клинкер);2,1;;;0
336;P241KDF;KDF 100 x 100 x 52;540;Feldhaus Klinker (Фельдхаус клинкер);2,4;;;0
337;P241DF;DF 240 x 118 x 52;432;Feldhaus Klinker (Фельдхаус клинкер);3,45;;;0
338;P273KF;KF 200 x 100 x 45;630;Feldhaus Klinker (Фельдхаус клинкер);2,1;;;0
339;P273KDF;KDF 100 x 100 x 52;540;Feldhaus Klinker (Фельдхаус клинкер);2,4;;;0
340;P248KF;KF 200 x 100 x 45;630;Feldhaus Klinker (Фельдхаус клинкер);2,1;;;0
341;P248KDF;KDF 100 x 100 x 52;540;Feldhaus Klinker (Фельдхаус клинкер);2,4;;;0
342;P248DF;DF 240 x 118 x 52;432;;3,45;150;Многоцветные;0
343;P249KF;KF 200 x 100 x 45;630;Feldhaus Klinker (Фельдхаус клинкер);2,1;;;0
344;P249KDF;KDF 100 x 100 x 52;540;Feldhaus Klinker (Фельдхаус клинкер);2,4;;;0
345;P249DF;DF 240 x 118 x 52;432;Feldhaus Klinker (Фельдхаус клинкер);3,45;;;0
346;P802KF;KF 200 x 100 x 45;630;Feldhaus Klinker (Фельдхаус клинкер);2,1;;;0
347;P802KDF;KDF 100 x 100 x 52;540;Feldhaus Klinker (Фельдхаус клинкер);2,4;;;0
348;P808KF;KF 200 x 100 x 45;630;Feldhaus Klinker (Фельдхаус клинкер);2,1;;;0
349;P808KDF;KDF 100 x 100 x 52;540;Feldhaus Klinker (Фельдхаус клинкер);2,4;;;0
350;R684NF17;NF17 240 x 71 x 17;0;Feldhaus Klinker (Фельдхаус клинкер);0;1100;;0
351;R685NF17;NF17 240 x 71 x 17;0;Feldhaus Klinker (Фельдхаус клинкер);0;1100;;0
352;R686NF17;NF17 240 x 71 x 17;0;Feldhaus Klinker (Фельдхаус клинкер);0;1100;;0
353;R687NF17;NF17 240 x 71 x 17;0;Feldhaus Klinker (Фельдхаус клинкер);0;1100;;0
354;R688NF17;NF17 240 x 71 x 17;0;Feldhaus Klinker (Фельдхаус клинкер);0;1100;;0
355;R690NF17;NF17 240 x 71 x 17;0;Feldhaus Klinker (Фельдхаус клинкер);0;1100;;0
356;R689NF17;NF17 240 x 71 x 17;0;Feldhaus Klinker (Фельдхаус клинкер);0;1100;;0
357;R691NF17;NF17 240 x 71 x 17;0;Feldhaus Klinker (Фельдхаус клинкер);0;1100;;0
358;R692NF17;NF17 240 x 71 x 17;0;Feldhaus Klinker (Фельдхаус клинкер);0;1100;;0
359;R693NF17;NF17 240 x 71 x 17;0;Feldhaus Klinker (Фельдхаус клинкер);0;1100;;0
360;R694NF17;NF17 240 x 71 x 17;0;Feldhaus Klinker (Фельдхаус клинкер);0;1100;;0
361;R697NF17;NF17 240 x 71 x 17;0;Feldhaus Klinker (Фельдхаус клинкер);0;1100;;0
362;R752NF17;NF17 240 x 71 x 17;0;Feldhaus Klinker (Фельдхаус клинкер);0;1100;;0
363;R752NF17;NF17 240 x 71 x 17;0;Feldhaus Klinker (Фельдхаус клинкер);0;1100;;0
364;R758NF17;NF17 240 x 71 x 17;0;Feldhaus Klinker (Фельдхаус клинкер);0;1100;;0
365;S300DF;DF 240 x 52 x 52;1008;Feldhaus Klinker (Фельдхаус клинкер);1,25;150;Красный;0
366;S335DF;DF 240 x 52 x 52;1008;Feldhaus Klinker (Фельдхаус клинкер);1,25;150;Красный;0
367;S400DF;DF 240 x 52 x 52;1008;Feldhaus Klinker (Фельдхаус клинкер);1,25;150;Красный;0
368;S440DF;DF 240 x 52 x 52;1008;Feldhaus Klinker (Фельдхаус клинкер);1,25;150;Красный;0
369;K250RF90;RF90 - 240 х 90 х 65;560;Feldhaus Klinker (Фельдхаус клинкер);2,3;150;Красный;0
370;K253RF90;RF90 - 240 х 90 х 65;560;Feldhaus Klinker (Фельдхаус клинкер);2,3;150;Красный;0
371;K730RF90;RF90 - 240 х 90 х 65;560;Feldhaus Klinker (Фельдхаус клинкер);2,3;150;Красный;0
372;K300 NF90;NF90 240 х 90x 71;520;Feldhaus Klinker (Фельдхаус клинкер);2,5;150;Красный;0
373;K328NF90;NF90 240 х 90 x 71;520;Feldhaus Klinker (Фельдхаус клинкер);2,52;150;Красный;0
374;K335NF90;NF90 240 х 90 x 71;520;Feldhaus Klinker (Фельдхаус клинкер);2,5;150;Красный;0
375;K364NF90;NF90 240 х 90 x 71;520;Feldhaus Klinker (Фельдхаус клинкер);2,5;150;Красный;0
376;K366NF90;NF90 240 х 90 x 71;520;Feldhaus Klinker (Фельдхаус клинкер);2,5;150;Красный;0
377;K377NF90;NF90 240 х 90 x 71;520;;2,5;150;Многоцветные;0
378;K385NF90;NF90 240 х 90 x 71;520;Feldhaus Klinker (Фельдхаус клинкер);2,5;150;Красный;0
379;K500NF90;NF90 240 х 90 x 71;520;Feldhaus Klinker (Фельдхаус клинкер);2,5;150;Красный;0
380;K661NF90;NF90 240 х 90 x 71;520;Feldhaus Klinker (Фельдхаус клинкер);2,5;150;Красный;0
381;K661NF90;NF90 240 х 90 x 71;520;Feldhaus Klinker (Фельдхаус клинкер);2,5;150;Красный;0
382;R684NF17;Размер NF (240 x 71 x 17 мм);1092;;31;150;Красный;0
383;R685NF17;Размер NF (240 x 71 x 17 мм);1092;;31;150;Красный;0
384;R686NF17;Размер NF (240 x 71 x 17 мм);1092;;31;150;Красный;0
385;R687NF17;Размер NF (240 x 71 x 17 мм);1092;;31;150;Красный;0
386;R688NF17;Размер NF (240 x 71 x 17 мм);1092;;31;150;Красный;0
387;R689NF17;Размер NF (240 x 71 x 17 мм);1092;;31;150;Красный;0
388;R690NF17;Размер NF (240 x 71 x 17 мм);1092;;31;150;Красный;0
389;Кирпич керамический пустотелый лицевой Солома ОСМБТ 1 НФ;250/120/65;480;ООО «ОСМиБТ»;2;150-200;;23,3
390;Кирпич керамический пустотелый лицевой Красный ОСМБТ 0,7 НФ;250/85/65;10800;ООО «ОСМиБТ»;2;150-200;Красный;15,3
391;Кирпич керамический пустотелый лицевой Солома ОСМБТ 1,4 НФ;250/120/88;352;ООО «ОСМиБТ»;3;150-200;;30,9
392;Кирпич керамический пустотелый лицевой Солома ОСМБТ 0,7 НФ;250/85/65;720;ООО «ОСМиБТ»;2;150-200;Красный;19
393;Кирпич керамический пустотелый лицевой Слоновая кость ОСМБТ 1 НФ;250/120/65;480;ООО «ОСМиБТ»;2;150-200;Красный;26
394;Кирпич керамический пустотелый лицевой Слоновая кость ОСМБТ 1,4 НФ;250/120/88;352;ООО «ОСМиБТ»;3;150-200;;35
395;Кирпич керамический пустотелый лицевой Слоновая кость ОСМБТ 0,7 НФ;250/85/65;720;;2;150-200;Бежевый;21
396;Кирпич керамический пустотелый лицевой Коричневый ОСМБТ 1 НФ;250/120/65;480;ООО «ОСМиБТ»;2;150-200;;25
397;Кирпич керамический пустотелый лицевой Коричневый ОСМБТ 1,4 НФ;250/120/88;352;ООО «ОСМиБТ»;3;150-200;Красный;33,2
398;Кирпич керамический пустотелый лицевой Коричневый ОСМБТ 0,7 НФ;250/85/65;720;НКЗМ (Нерехтский завод керамических материалов);2;150-200;Коричневый;20,5
399;Кирпич керамический пустотелый лицевой Терракот ОСМБТ 1 НФ;250/120/65;480;ООО «ОСМиБТ»;2;150-200;Красный;23,7
400;Кирпич керамический пустотелый лицевой Терракот ОСМБТ 1,4 НФ;250/120/88;352;ООО «ОСМиБТ»;3;150-200;Красный;31,4
401;Кирпич керамический пустотелый лицевой Терракот ОСМБТ 0,7 НФ;250/85/65;720;ООО «ОСМиБТ»;2;150-200;Красный;19,4
402;Кирпич керамический пустотелый лицевой Серый ОСМБТ 1  НФ;250/120/65;480;ООО «ОСМиБТ»;2;150-200;Серый;27,8
403;Кирпич керамический пустотелый лицевой Серый ОСМБТ 1,4 НФ;250/120/88;352;ООО «ОСМиБТ»;3;150-200;Серый;37,1
404;Baumit AntiSulfat;250/120/65;0;Baumit (Баумит);0;150;Красный;0
405;Baumit PorenbetonKleber;250/120/65;0;Baumit (Баумит);0;150;Красный;0
406;Baumit MPI 25 ;250/120/65;0;Baumit (Баумит);0;150;Красный;0
407;Baumacol Basic;250/120/65;0;Baumit (Баумит);0;150;Красный;0
408;Baumacol Flex Winter;250/120/65;0;Baumit (Баумит);0;150;Красный;0
409;Baumacol Flex;250/120/65;0;Baumit (Баумит);0;150;Красный;0
410;Baumacol Fliese;250/120/65;0;Baumit (Баумит);0;150;Красный;0
411;Baumacol Gres;250/120/65;0;Baumit (Баумит);0;150;Красный;0
412;Baumacol Standard;250/120/65;0;Baumit (Баумит);0;150;Красный;0
413;Baumit DuoContact;;0;Baumit (Баумит);0;;;0
414;Baumit DuoFix;250/120/65;0;Baumit (Баумит);0;150;Красный;0
415;Baumit DuoPrimer концентрат;250/120/65;0;Baumit (Баумит);0;150;Красный;0
416;Baumit MPA 31;;0;Baumit (Баумит);0;;;245
417;Baumit MPA 35;в ассортименте;0;Baumit (Баумит);0;150;;230
418;Baumit StarContact ;250/120/65;0;Baumit (Баумит);0;150;Красный;0
419;Кирпич керамический пустотелый лицевой Темно-коричневый Дерево Железногорск 1НФ/1,4НФ/0,7НФ;250/120/65;480;Железногорский КЗ;2;150-200;Коричневый;0
420;Baumit GleMa A;;0;Baumit (Баумит);25;150;Красный;620
421;Baumit GrundPutz Leicht    ;;0;Baumit (Баумит);0;;Бежевый;350
422; Baumit KalkMortel 0,6 ;250/120/65;0;Baumit (Баумит);0;150;Красный;0
423;Baumit KalkMortel 2 (KalkPutz 2 Cem) ;250/120/65;0;Baumit (Баумит);0;150;Красный;0
424;Baumit KalkM;250/120/65;0;Baumit (Баумит);0;150;Красный;0
425;Baumit Kalkputz 0,6;250/120/65;0;Baumit (Баумит);0;150;Красный;0
426;Baumit Kalkputz 2 ;250/120/65;0;Baumit (Баумит);0;150;Красный;0
427;Baumit SanovaPutz L ;250/120/65;0;Baumit (Баумит);0;150;Красный;0
428;Baumit Sanova Vorspritzer ;250/120/65;0;Baumit (Баумит);0;150;Красный;0
432;Клей для плитки и укладки керамогранита на пол;250/120/65;48;Dauer - строительные смеси;25;Прочее;Без цвета;0
433;Клей для плитки и укладки керамогранита на пол;250/120/65;48;Dauer - строительные смеси;25;Прочее;Без цвета;0
434;Клей для плитки и укладки керамогранита на пол;;0;Baumit (Баумит);0;150;Красный;0
436;Клей для плитки и укладки керамогранита на пол;;0;Baumit (Баумит);0;150;Красный;0
437;Baumit KalkMortel 2 (KalkPutz 2 Cem) ;250/120/65;0;Baumit (Баумит);0;150;Красный;0
438;Клей для плитки и укладки керамогранита на пол;;0;Baumit (Баумит);0;150;Красный;0
439;Baumit KalkMortel 2 (KalkPutz 2 Cem) ;250/120/65;0;Baumit (Баумит);0;150;Красный;0
441;Клей для плитки и укладки керамогранита на пол Dauer;в ассортименте;48;Dauer - строительные смеси;25;Прочее;Без цвета;0
462;Клей для плитки и керамогранита Dauer;;48;Dauer - строительные смеси;25;Прочее;Без цвета;0
463;Клей для плитки, керамогранита, декоративного камня Dauer ;250/120/65;48;Dauer - строительные смеси;25;Прочее;Без цвета;0
464;Клей для мармора, гранита, декоративного камня Dauer ;250/120/65;48;Dauer - строительные смеси;25;Прочее;Без цвета;0
471;Штукатурка гипсовая Dauer  ;250/120/65;40;Dauer - строительные смеси;30;150;Без цвета;0
472;Штукатурка гипсовая МАШИННОГО и РУЧНОГО нанесения Dauer ;250/120/65;40;Dauer - строительные смеси;30;150;Без цвета;290
473;Штукатурка цементная машинного нанесения Dauer ;;48;Dauer - строительные смеси;30;;Серый;290
474;Ровнитель для пола Dauer ;;48;Dauer - строительные смеси;25;;Без цвета;0
475;Наливной пол быстротвердеющий Dauer ;;48;Dauer - строительные смеси;20;;Без цвета;0
476;Клей монтажный Dauer ;250/120/65;48;Dauer - строительные смеси;25;150;Без цвета;10
477;Шпаклевочный и клеящий раствор, серый ;;0;quick-mix строительные материалы;25;;;0
478;Шпаклевочный и клеящий раствор, белый ;;0;quick-mix строительные материалы;25;;;0
479;Шпатлевочно-клеевой раствор легкий для приклеивания минеральных ячеистых плит...;;0;quick-mix строительные материалы;20;;;0
480;Клеящий раствор для керамической плитки;;0;quick-mix строительные материалы;25;;;0
481;Армирующая смесь для систем с керамической плиткой;;0;quick-mix строительные материалы;25;;;0
483;Раствор для заполнения швов, бежево-белый;;0;quick-mix строительные материалы;25;;;0
484;Раствор для заполнения швов, серо-белый;;0;quick-mix строительные материалы;25;;;0
485;Цветной шовный раствор для СФТК с наружнымслоем из керамической плитки, серый                              ;;0;quick-mix строительные материалы;25;;;0
486;Цветной шовный раствор для СФТК с наружнымслоем из керамической плитки, белый                                                 ;;0;quick-mix строительные материалы;25;;;0
487;Цветной шовный раствор для СФТК с наружнымслоем из керамической плитки, бежевый                                             ;;0;quick-mix строительные материалы;25;;;0
488;Цветной шовный раствор для СФТК с наружнымслоем из керамической плитки, светло-коричневый                   ;;0;quick-mix строительные материалы;25;;;0
489;Цветной шовный раствор для СФТК с наружным  слоем из керамической плитки, тёмно-коричневый                        ;;0;quick-mix строительные материалы;25;;;0
490;Клеящий и армирующий раствор для СФТК, серый ;;0;quick-mix строительные материалы;25;;;0
491;Клеящий и армирующий раствор для СФТК, серый  ЗИМНИЙ                                         НОВИНКА;;0;quick-mix строительные материалы;25;;;0
492;Клеящий раствор для СФТК, серый ;;0;quick-mix строительные материалы;25;;;0
493;Известковая штукатурка для машинного нанесения;;0;quick-mix строительные материалы;30;;;0
494;Известково-цементная штукатурка для машинного нанесения, (неводоотталкиваюшая);;0;quick-mix строительные материалы;30;;;0
495;Известково-цементная штукатурка для машинного нанесения,  (водооталкивающая);;0;quick-mix строительные материалы;30;;;0
496;Цементная штукатурка для машинного нанесения, негидрофобная;;0;quick-mix строительные материалы;30;;;0
497;Цементная штукатурка для машинного нанесения, гидрофобная;;0;quick-mix строительные материалы;30;;;0
498;Цементная грунтовка для машинного нанесения методом набрызга;;0;quick-mix строительные материалы;30;;;0
499;Цокольная штукатурка для машинного нанесения (водооталкивающая);;0;quick-mix строительные материалы;30;;;0
500;Лёгкая штукатурка с полистиролом, армированная волокнами (водооталкивающая);;0;quick-mix строительные материалы;25;;;0
501;Лёгкая штукатурка с полистиролом, армированная волокнами (неводооталкивающая);;0;quick-mix строительные материалы;25;;;0
502;Белая известковая мелкозернистая штукатурка длянанесения тонким слоем                                                                          ;;0;quick-mix строительные материалы;25;;;0
503;Облегченная штукатурка для машинного нанесения (водооталкивающая);;0;quick-mix строительные материалы;30;;;0
504;Облегченная штукатурка для машинного нанесения (неводоотталкиваюшая);;0;quick-mix строительные материалы;30;;;0
505;Лёгкая штукатурка с полистиролом (водоотталкивающая);;0;quick-mix строительные материалы;30;;;0
506;Лёгкая штукатурка с полистиролом (неводоотталкивающая);;0;quick-mix строительные материалы;30;;;0
507;Быстротвердеющая ремонтная штукатурка ;;0;quick-mix строительные материалы;25;;;0
508;Сухая цементная смесь для повышения адгезии ;;0;quick-mix строительные материалы;25;;;0
509;Декоративная штукатурка «Короед», 1,5 мм, белая;;0;quick-mix строительные материалы;30;;;0
510;Декоративная штукатурка «Короед», 2,5 мм, белая;;0;quick-mix строительные материалы;30;;;0
511;Декоративная штукатурка «Короед», 3 мм, белая                                                                НОВИНКА;;0;quick-mix строительные материалы;30;;;0
512;Декоративная штукатурка «Шуба», 1,5 мм, белая;;0;quick-mix строительные материалы;30;;;0
513;Декоративная штукатурка «Шуба», 2 мм, белая;;0;quick-mix строительные материалы;30;;;0
514;Декоративная штукатурка «Шуба», 3 мм, белая                                                                  НОВИНКА;;0;quick-mix строительные материалы;30;;;0
515;Кладочный раствор с трассом для лицевого кирпича, алебастрово-белый;;0;quick-mix строительные материалы;30;;;0
516;Кладочный раствор с трассом для лицевого кирпича, светло-бежевый;;0;quick-mix строительные материалы;30;;;0
517;Кладочный раствор с трассом для лицевого кирпича, светло-серый;;0;quick-mix строительные материалы;30;;;0
518;Кладочный раствор с трассом для лицевого кирпича, графитово-серый;;0;quick-mix строительные материалы;30;;;0
519;Кладочный раствор с трассом для лицевого кирпича, антрацитово-серый;;0;quick-mix строительные материалы;30;;;0
520;Кладочный раствор с трассом для лицевого кирпича, тёмно-коричневый;;0;quick-mix строительные материалы;30;;;0
521;Кладочный раствор с трассом для лицевого кирпича, красно-коричневый;;0;quick-mix строительные материалы;30;;;0
522;Кладочный раствор с трассом для лицевого кирпича, графитово-чёрный;;0;quick-mix строительные материалы;30;;;0
523;Кладочный раствор с трассом для лицевого кирпича, песочно-жёлтый;;0;quick-mix строительные материалы;30;;;0
524;Кладочный раствор с трассом для лицевого кирпича, кремово-жёлтый;;0;quick-mix строительные материалы;30;;;0
525;Кладочный раствор с трассом для лицевого кирпича, жёлто-оранжевый;;0;quick-mix строительные материалы;30;;;0
526;Кладочный раствор с трассом для лицевого кирпича, светло-коричневый;;0;quick-mix строительные материалы;30;;;0
527;Кладочный раствор с трассом для лицевого кирпича, лососево-оранжевый;;0;quick-mix строительные материалы;30;;;0
528;Кладочный раствор с трассом для лицевого кирпича, медно-коричневый;;0;quick-mix строительные материалы;30;;;0
529;Кладочный раствор с трассом для лицевого кирпича, стально-серый;;0;quick-mix строительные материалы;30;;;0
530;Кладочный раствор с трассом для лицевого кирпича, горошково-зелёный;;0;quick-mix строительные материалы;30;;;0
531;Кладочный раствор с трассом для лицевого кирпича, алебастрово-белый;;0;quick-mix строительные материалы;30;;;0
532;Кладочный раствор с трассом для лицевого кирпича, алебастрово-белый, ЗИМНИЙ;;0;quick-mix строительные материалы;30;;;0
533;Кладочный раствор с трассом для лицевого кирпича, светло-бежевый;;0;quick-mix строительные материалы;30;;;0
534;Кладочный раствор с трассом для лицевого кирпича, светло-бежевый,      ЗИМНИЙ;;0;quick-mix строительные материалы;30;;;0
535;Кладочный раствор с трассом для лицевого кирпича, светло-серый;;0;quick-mix строительные материалы;30;;;0
536;Кладочный раствор с трассом для лицевого кирпича, графитово-серый;;0;quick-mix строительные материалы;30;;;0
537;Кладочный раствор с трассом для лицевого кирпича, антрацитово-серый;;0;quick-mix строительные материалы;30;;;0
538;Кладочный раствор с трассом для лицевого кирпича, тёмно-коричневый;;0;quick-mix строительные материалы;30;;;0
539;Кладочный раствор с трассом для лицевого кирпича, красно-коричневый;;0;quick-mix строительные материалы;30;;;0
540;Кладочный раствор с трассом для лицевого кирпича, графитово-чёрный;;0;quick-mix строительные материалы;30;;;0
541;Кладочный раствор с трассом для лицевого кирпича, песочно-жёлтый;;0;quick-mix строительные материалы;30;;;0
542;Кладочный раствор с трассом для лицевого кирпича, кремово-жёлтый;;0;quick-mix строительные материалы;30;;;0
543;Кладочный раствор с трассом для лицевого кирпича, жёлто-оранжевый;;0;quick-mix строительные материалы;30;;;0
544;Кладочный раствор с трассом для лицевого кирпича, светло-коричневый;;0;quick-mix строительные материалы;30;;;0
545;Кладочный раствор с трассом для лицевого кирпича, лососево-оранжевый;;0;quick-mix строительные материалы;30;;;0
546;Кладочный раствор с трассом для лицевого кирпича, медно-коричневый;;0;quick-mix строительные материалы;30;;;0
547;Кладочный раствор с трассом для лицевого кирпича, стально-серый;;0;quick-mix строительные материалы;30;;;0
548;Кладочный раствор с трассом для лицевого кирпича, горошково-зелёный;;0;quick-mix строительные материалы;30;;;0
549;Кладочный раствор с трассом для лицевого кирпича, алебастрово-белый;;0;quick-mix строительные материалы;30;;;0
550;Кладочный раствор с трассом для лицевого кирпича, алебастрово-белый, ЗИМНИЙ;;0;quick-mix строительные материалы;30;;;0
551;Кладочный раствор с трассом для лицевого кирпича, светло-бежевый;;0;quick-mix строительные материалы;30;;;0
552;Кладочный раствор с трассом для лицевого кирпича, светло-бежевый,      ЗИМНИЙ;;0;quick-mix строительные материалы;30;;;0
553;Кладочный раствор с трассом для лицевого кирпича, светло-серый;;0;quick-mix строительные материалы;30;;;0
554;Кладочный раствор с трассом для лицевого кирпича, графитово-серый;;0;quick-mix строительные материалы;30;;;0
555;Кладочный раствор с трассом для лицевого кирпича, антрацитово-серый;;0;quick-mix строительные материалы;30;;;0
556;Кладочный раствор с трассом для лицевого кирпича, тёмно-коричневый;;0;quick-mix строительные материалы;30;;;0
557;Кладочный раствор с трассом для лицевого кирпича, красно-коричневый;;0;quick-mix строительные материалы;30;;;0
558;Кладочный раствор с трассом для лицевого кирпича, графитово-чёрный;;0;quick-mix строительные материалы;30;;;0
559;Кладочный раствор с трассом для лицевого кирпича, песочно-жёлтый;;0;quick-mix строительные материалы;30;;;0
560;Кладочный раствор с трассом для лицевого кирпича, кремово-жёлтый;;0;quick-mix строительные материалы;30;;;0
561;Кладочный раствор с трассом для лицевого кирпича, жёлто-оранжевый;;0;quick-mix строительные материалы;30;;;0
562;Кладочный раствор с трассом для лицевого кирпича, светло-коричневый;;0;quick-mix строительные материалы;30;;;0
563;Кладочный раствор с трассом для лицевого кирпича, лососево-оранжевый;;0;quick-mix строительные материалы;30;;;0
564;Кладочный раствор с трассом для лицевого кирпича, медно-коричневый;;0;quick-mix строительные материалы;30;;;0
565;Кладочный раствор с трассом для лицевого кирпича, стально-серый;;0;quick-mix строительные материалы;30;;;0
566;Кладочный раствор с трассом для лицевого кирпича, горошково-зелёный;;0;quick-mix строительные материалы;30;;;0
567;Кладочный раствор с трассом для лицевого кирпича, алебастрово-белый;;0;quick-mix строительные материалы;30;;;0
568;Кладочный раствор с трассом для лицевого кирпича, алебастрово-белый, ЗИМНИЙ;;0;quick-mix строительные материалы;30;;;0
569;Кладочный раствор с трассом для лицевого кирпича, светло-бежевый;;0;quick-mix строительные материалы;30;;;0
570;Кладочный раствор с трассом для лицевого кирпича, светло-бежевый,      ЗИМНИЙ;;0;quick-mix строительные материалы;30;;;0
571;Кладочный раствор с трассом для лицевого кирпича, светло-серый;;0;quick-mix строительные материалы;30;;;0
572;Кладочный раствор с трассом для лицевого кирпича, графитово-серый;;0;quick-mix строительные материалы;30;;;0
573;Кладочный раствор с трассом для лицевого кирпича, антрацитово-серый;;0;quick-mix строительные материалы;30;;;0
574;Кладочный раствор с трассом для лицевого кирпича, тёмно-коричневый;;0;quick-mix строительные материалы;30;;;0
575;Кладочный раствор с трассом для лицевого кирпича, красно-коричневый;;0;quick-mix строительные материалы;30;;;0
576;Кладочный раствор с трассом для лицевого кирпича, графитово-чёрный;;0;quick-mix строительные материалы;30;;;0
577;Кладочный раствор с трассом для лицевого кирпича, песочно-жёлтый;;0;quick-mix строительные материалы;30;;;0
578;Кладочный раствор с трассом для лицевого кирпича, кремово-жёлтый;;0;quick-mix строительные материалы;30;;;0
579;Кладочный раствор с трассом для лицевого кирпича, жёлто-оранжевый;;0;quick-mix строительные материалы;30;;;0
580;Кладочный раствор с трассом для лицевого кирпича, светло-коричневый;;0;quick-mix строительные материалы;30;;;0
581;Кладочный раствор с трассом для лицевого кирпича, лососево-оранжевый;;0;quick-mix строительные материалы;30;;;0
582;Кладочный раствор с трассом для лицевого кирпича, медно-коричневый;;0;quick-mix строительные материалы;30;;;0
583;Кладочный раствор с трассом для лицевого кирпича, стально-серый;;0;quick-mix строительные материалы;30;;;0
584;Кладочный раствор с трассом для лицевого кирпича, горошково-зелёный;;0;quick-mix строительные материалы;30;;;0
585;Цветная смесь для заделки швов алебастрово-белый;;0;quick-mix строительные материалы;30;;;0
586;Цветная смесь для заделки швов светло-бежевый;;0;quick-mix строительные материалы;30;;;0
587;Цветная смесь для заделки швов светло-серый;;0;quick-mix строительные материалы;30;;;0
588;Цветная смесь для заделки швов графитово-серый;;0;quick-mix строительные материалы;30;;;0
589;Цветная смесь для заделки швов антрацитово-серый;;0;quick-mix строительные материалы;30;;;0
590;Цветная смесь для заделки швов тёмно-коричневый;;0;quick-mix строительные материалы;30;;;0
591;Цветная смесь для заделки швов красно-коричневый;;0;quick-mix строительные материалы;30;;;0
592;Цветная смесь для заделки швов графитово-чёрный;;0;quick-mix строительные материалы;30;;;0
593;Цветная смесь для заделки швов песочно-жёлтый;;0;quick-mix строительные материалы;30;;;0
594;Цветная смесь для заделки швов кремово-жёлтый;;0;quick-mix строительные материалы;30;;;0
595;Цветная смесь для заделки швов жёлто-оранжевый;;0;quick-mix строительные материалы;30;;;0
596;Цветная смесь для заделки швов светло-коричневый;;0;quick-mix строительные материалы;30;;;0
597;Цветная смесь для заделки швов лососево-оранжевый;;0;quick-mix строительные материалы;30;;;0
598;Цветная смесь для заделки швов медно-коричневый;;0;quick-mix строительные материалы;30;;;0
599;Цветная смесь для заделки швов стально-серый;;0;quick-mix строительные материалы;30;;;0
600;Цветная смесь для заделки швов горошково-зелёный;;0;quick-mix строительные материалы;30;;;0
602;Зимний теплоизоляционный кладочный раствор с перлитом   ;;0;quick-mix строительные материалы;30;;;0
603;Теплоизоляционный кладочный раствор с перлитом                     ;;0;quick-mix строительные материалы;30;;;0
604;Кладочный раствор для забутовки / рядовой кладки;;0;quick-mix строительные материалы;30;;;0
605;Кладочный раствор для забутовки / рядовой кладки,                          ЗИМНИЙ;;0;quick-mix строительные материалы;30;;;0
606;Клеевая смесь для пористого бетона, серая;;0;quick-mix строительные материалы;30;;;0
607;Зимняя клеевая смесь для пористого бетона, серая                ;;0;quick-mix строительные материалы;30;;;0
608;Бесшовный пол (стяжка) / Бетон, 40 кг;;0;quick-mix строительные материалы;40;;;0
610;Цементный раствор (мелкозернистый, для кирпичной кладки и оштукатуривания);;0;quick-mix строительные материалы;40;;;0
611;Цементный раствор крупнозернистый (для кирпичной кладки и оштукатуривания);;0;quick-mix строительные материалы;40;;;0
612;Цементный раствор для оштукатуривания;;0;quick-mix строительные материалы;40;;;0
613;Шпатлевка для бетона и ремонта усиленная волокном до 15 мм;;0;quick-mix строительные материалы;25;;;0
614;Минеральный гидроизолирующий раствор;;0;quick-mix строительные материалы;25;;;0
615;Эластичная гидроизоляция (полностью готова к применению, для внутренних работ);;0;quick-mix строительные материалы;5;;;0
616;Плиточный клей ;;0;quick-mix строительные материалы;25;;;0
617;Плиточный клей (C1T) ;;0;quick-mix строительные материалы;25;;;0
618;Плиточный клей, эластичный (С2 ТЕ);;0;quick-mix строительные материалы;25;;;0
619;Плиточный клей, эластичный (С2 ТЕ)                                                 ;;0;quick-mix строительные материалы;25;;;0
620;Высокоэластичный клей (С2 ТЕ, S1);;0;quick-mix строительные материалы;25;;;0
621;Клей для мраморной плитки, белый (С2 ТЕ, S1);;0;quick-mix строительные материалы;25;;;0
622;Универсальная грунтовка                  ;;0;quick-mix строительные материалы;10;;;0
623;Грунтовка глубокого проникновения  ;;0;quick-mix строительные материалы;10;;;0
624;Кварцевый грунтовочный раствор.                                                   ;;0;quick-mix строительные материалы;15;;;0
634;Затирка для широких швов ;;0;quick-mix строительные материалы;25;;Без цвета;0
635;Цементная мелкозернистая стяжка 10-50 мм;;0;quick-mix строительные материалы;25;;;0
636;Ремонтная выравнивающая масса (самонивелирующаяся стяжка 2-20 мм);;0;quick-mix строительные материалы;25;;;0
637;Ремонтная стяжка (самонивелирующаяся стяжка 10-50 мм);;0;quick-mix строительные материалы;25;;;0
638;Сухой минеральный раствор для повышения адгезии напольных покрытии;;0;quick-mix строительные материалы;25;;;0
639;Трассовый раствор-шлам для повышения адгезии природного камня, серый              ;;0;quick-mix строительные материалы;25;;;0
642;Раствор для укладки природного камня, антрацит                            ;;0;quick-mix строительные материалы;40;;;0
646;Трассовый раствор для укладки плит из натурального камня;;0;quick-mix строительные материалы;25;;;0
647;Трассовый дренажный раствор;;0;quick-mix строительные материалы;40;;;0
648;Трассовый раствор с дренажными свойствами для укладки брусчатки, 0-4мм;;0;quick-mix строительные материалы;40;;;0
649;Трассовый раствор для заполнения швов для многоугольных плит, серый;;0;quick-mix строительные материалы;25;;;0
650;Трассовый раствор для заполнения швов для многоугольных плит, белый                                                                                                           ;;0;quick-mix строительные материалы;25;;;0
651;"Трассовый раствор для заполнения швов для многоугольных плит, антрацит
                                                                                                                     ";;0;quick-mix строительные материалы;25;;;0
652;Трассовый раствор для заполнения швов для многоугольных плит, кремово-жёлтый                                                                                        ;;0;quick-mix строительные материалы;25;;;0
653;Трассовый раствор для заполнения швов для многоугольных плит, коричневый                                                                                                ;;0;quick-mix строительные материалы;25;;;0
654;Трассовый раствор для заполнения швов для многоугольных плит, тёмно-коричневый                                                                                                                                                                                                                   НОВИНКА                                                                                                 ;;0;quick-mix строительные материалы;25;;;0
655;Раствор для заполнения швов брусчатки N, антрацит                                                          ;;0;quick-mix строительные материалы;25;;;0
656;Раствор для заполнения швов брусчатки N, светло-серый                                                 ;;0;quick-mix строительные материалы;25;;;0
657;PFN Раствор для заполнения швов брусчатки N, бежевый                                                          ;;0;quick-mix строительные материалы;25;;;0
658;Раствор для заполнения швов брусчатки «H light»;250/120/65;0;quick-mix строительные материалы;40;150;Красный;0
659;Цветной кладочный раствор ;;0;quick-mix строительные материалы;25;;Бежевый;0
660;Цветной кладочный раствор ;;0;quick-mix строительные материалы;25;;Серый;0
661;Цветной кладочный раствор ;;0;quick-mix строительные материалы;25;;Коричневый;0
662;Цветной кладочный раствор ;;0;quick-mix строительные материалы;25;;Серый;0
663;Цветной кладочный раствор ;;0;quick-mix строительные материалы;25;;Белый;0
664;Цветной кладочный раствор ;;0;quick-mix строительные материалы;25;;Бежевый;0
665;Цветной кладочный раствор Зимний;;0;quick-mix строительные материалы;25;;Белый;0
666;Средство для удаления известкового налета;;0;quick-mix строительные материалы;11,8;;;0
668;Трассовая смесь для дренажного раствора;;0;quick-mix строительные материалы;25;;;0
671;Трехкомпонентный раствор для заполнения швов брусчатки ;;0;quick-mix строительные материалы;26,8;;;0
672;Трассовый раствор для заполнения широких швов природного камня, эластичный, 25 кг;;0;quick-mix строительные материалы;25;;;0
673;Трассовый раствор для заполнения узких швов природного камня, эластичный, 25 кг;;0;quick-mix строительные материалы;25;;;0
674;Трассовый раствор для заполнения узких швов природного камня, эластичный, 5 кг;;0;quick-mix строительные материалы;5;;;0
675;Полиуретановое связующее, 1 л;;0;quick-mix строительные материалы;1;;;0
676;Полиуретановое связующее, 5 л;;0;quick-mix строительные материалы;5;;;0
677;Эластичная двухкомпонентная гидроизоляция под плитку для керамических покрытий FDS 2K;;0;quick-mix строительные материалы;35;;;0
678;baumit fliese Плиточный клей.;;0;Baumit (Баумит);25;;Серый;340
679;Baumit DuoContact;;0;Baumit (Баумит);25;;;0
680;Baumit ArtoPlast Тонкослойная цементная штукатурка для газобетона;;0;Baumit (Баумит);25;;;0
682;Baumit SilikonTop Силиконовая декоративная штукатурка;;0;Baumit (Баумит);0;;;0
683;Силикатная декоративная штукатурка;;0;Baumit (Баумит);25;;;0
684;Baumit EdelPutz SpezialNatur Минеральная декоративная штукатурка;;0;;25;;;0
685;Baumit GranoporTop Акриловая декоративная штукатурка;;0;;25;;;0
688;Клей для керамической плитки, керамогранита и каменных плит. Baumacol Gres Клей для укладки тяжелых каменных плит и керамогранита.Baumacol Gres Клей для укладки тяжелых каменных плит и керамогранита.;;0;Baumit (Баумит);25;;;0
689;Baumit Sanova Vorspritzer Санирующий сульфатостойкий обрызг;;0;Baumit (Баумит);40;;;0
690;Baumit SanovaPutz S/SockelPutz Санирующая цокольная штукатурка. Как правило, применяется в цокольной зоне при высокой механической нагрузке.;;0;Baumit (Баумит);40;;;0
691;Baumit SanovaPutz L Санирующая штукатурка. Особенно рекомендуется для исторических памятников, для внутренних и наружных работ. ;;0;Baumit (Баумит);50;;;0
692;Baumit Sanova Feinputz Санирующая мелкозернистая штукатурка.  Рекомендуется для реставрации памятников архитектуры.;;0;Baumit (Баумит);40;;;0
693;Baumit Sanova EinlagenTrassputz Санирующая легкая трассовая штукатурка.  Рекомендуется для реставрации памятников архитектуры;;0;;0;;;0
694;Baumit Kalkputz 2 Известковая штукатурка  Рекомендуется для реставрации памятников архитектуры.;;0;Baumit (Баумит);25;;;0
695;Baumit Kalkputz 0,6 Накрывочная известковая штукатурка.  Рекомендуется для реставрации памятников архитектуры.;;0;Baumit (Баумит);25;;;0
696;Baumit KalkMortel 2 Известковая штукатурка.  Рекомендуется для реставрации памятников архитектуры ;;0;Baumit (Баумит);25;;;0
697;Baumit KalkMortel 0,6 Накрывочная известковая штукатурка.  Рекомендуется для реставрации памятников архитектуры;;0;;25;;;0
698;Baumit RenovierSpachtel White Ремонтная шпаклевка на белом цементе;;0;;0;;;0
699;Baumit NHL 2 Гидравлическая известь;;0;Baumit (Баумит);25;;;0
700;Baumit NHL 5 Гидравлическая известь;;0;Baumit (Баумит);25;;;0
701;Baumit NHL HandPutz Сухая штукатурная смесь на основе гидравлической извести для ручного нанесения;;0;Baumit (Баумит);25;;;0
703;Baumit SpeziKalk Специальная воздушная известь;;0;Baumit (Баумит);25;;;0
704;RZB Бетонная смесь «Ruck-Zuck» RZB;;0;quick-mix строительные материалы;25;;;0
746;КАМЕНЬ КЕРАМИЧЕСКИЙ ПОРИСТЫЙ РЯДОВОЙ;250/120/140;252;;3;150,125;Красный;14,6
747;Кирово-Чепецк Красный лицевой полнотелый 1НФ;250/120/65;300;Кирово-чепецкий КЗ;3,9;300;Красный;45
748;Кирово-Чепецк Гляссе лицевой полнотелый 1НФ;250/120/65;300;Кирово-чепецкий КЗ;3;300;;55
749;Кирово-Чепецк Терракот лицевой полнотелый 1НФ;250/120/65;300;Кирово-чепецкий КЗ;3,9;300;;55
750;Кирово-Чепецк Шоколад лицевой полнотелый 1НФ;250/120/65;300;Кирово-чепецкий КЗ;3,9;300;;55
751;Кирово-Чепецк Темный Шоколад лицевой полнотелый 1НФ;250/120/65;300;Кирово-чепецкий КЗ;3,9;300;;55
752;Кирово-Чепецк Камелот Темный Шоколад лицевой полнотелый 1НФ;250/120/65;300;Кирово-чепецкий КЗ;3,9;300;;60
753;Кирово-Чепецк Лотос лицевой полнотелый 1НФ;250/120/65;300;Кирово-чепецкий КЗ;3,9;300;;60
754;Кирово-Чепецк Персик лицевой полнотелый 1НФ;250/120/65;300;Кирово-чепецкий КЗ;3,9;300;;60
755;Пятый элемент Кирпич лицевой 1 NF, пустотелый, ФЛЭШ,34%, рустикатор;250/120/65;480;Пятый элемент;2;250;;29,5
756;Кр-л-пу 1 НФ /150/75 Кирово-Чепецк ;250/120/65;420;Кирово-чепецкий КЗ;2;150;Красный;18
757;Кр-л-пу 0,7 НФ /150/75 Кирово-Чепецк ;250/85/65;540;Кирово-чепецкий КЗ;1;150;Красный;15
758;Кр-л-пу 1,4 НФ /150/75 Кирово-Чепецк ;250/120/88;308;Кирово-чепецкий КЗ;3;150;Красный;21
759;Кр-л-пу 1 НФ /150/75 Кирово-Чепецк ЛОТОС;250/120/65;0;Кирово-чепецкий КЗ;2;150;;27
760;Кр-л-пу 0,7 НФ /150/75 Кирово-Чепецк ЛОТОС;250/85/65;540;Кирово-чепецкий КЗ;1;;;0
761;Кр-л-пу 1,4НФ /150/75 Кирово-Чепецк ЛОТОС;250/120/88;308;Кирово-чепецкий КЗ;3;150;;37
762;Кр-л-пу 1 НФ /150/75 Кирово-Чепецк ШОКОЛАД;250/120/65;420;Кирово-чепецкий КЗ;2;150;Коричневый;25
763;Кр-л-пу 0,7 НФ /150/75 Кирово-Чепецк ШОКОЛАД;250/85/65;540;Кирово-чепецкий КЗ;1;150;Коричневый;0
764;Кр-л-пу 1,4 НФ /150/75 Кирово-Чепецк ;250/120/88;308;Кирово-чепецкий КЗ;3;150;Коричневый;34
765;Кр-л-пу 1НФ /150/75 Кирово-Чепецк ШОКОЛАД КОРА ДЕРЕВА;250/120/65;420;Кирово-чепецкий КЗ;2;150;;25
766;Кр-л-пу 1 НФ /150/75 Кирово-Чепецк ЛОТОС КОРА ДЕРЕВА;250/120/65;0;Кирово-чепецкий КЗ;0;150;;28
767;Кр-л-пу 1 НФ /150/75 Кирово-Чепецк КОРА ДЕРЕВА;250/120/65;420;Кирово-чепецкий КЗ;2;150;Красный;19
768;Кр-л-пу 1 НФ /150/75 Кирово-Чепецк БАВАРИЯ МИКС;250/120/65;420;Кирово-чепецкий КЗ;2;150;;25
769;Кр-л-пу 1,4НФ /150/75 Кирово-Чепецк БАВАРИЯ МИКС;250/120/88;308;Кирово-чепецкий КЗ;3;150;Многоцветные;34
